Tanggal/Jam,Jumlah Mobil,Jumlah Motor,Jumlah Orang,Persentase Area,Kondisi
21-05-2024 14:35:44,32,4,2,29.49,tidak ramai
21-05-2024 14:46:49,45,4,5,44.55666666666667,ramai
21-05-2024 14:46:59,46,4,3,44.13357142857143,ramai
21-05-2024 14:47:05,43,1,2,46.81,ramai
21-05-2024 14:47:10,47,3,3,43.928636363636365,ramai
21-05-2024 14:47:15,40,2,3,47.97714285714286,ramai
21-05-2024 14:47:21,46,3,2,43.815161290322585,ramai
21-05-2024 14:47:25,39,2,2,49.85272727272727,ramai
21-05-2024 14:47:32,46,3,2,44.135897435897434,ramai
21-05-2024 14:47:36,38,2,2,50.990333333333325,ramai
21-05-2024 14:47:42,46,3,2,44.824999999999996,ramai
21-05-2024 14:47:47,38,3,2,51.57,ramai
21-05-2024 15:06:30,8,9,9,13.9,tidak ramai
21-05-2024 15:06:36,9,7,10,12.2875,tidak ramai
21-05-2024 15:06:41,12,7,10,11.425999999999998,tidak ramai
21-05-2024 15:06:45,15,8,10,14.03,tidak ramai
21-05-2024 15:06:47,9,7,10,9.427500000000002,tidak ramai
21-05-2024 15:06:51,15,9,9,15.54,tidak ramai
21-05-2024 15:06:52,7,6,11,9.2225,tidak ramai
21-05-2024 15:06:56,14,9,7,17.087500000000002,tidak ramai
21-05-2024 15:06:58,8,7,11,8.978,tidak ramai
21-05-2024 15:07:01,16,7,8,18.5475,tidak ramai
21-05-2024 15:07:03,8,8,12,9.29,tidak ramai
21-05-2024 15:07:07,16,7,8,19.5225,tidak ramai
21-05-2024 15:07:09,8,7,12,10.4675,tidak ramai
21-05-2024 15:07:12,15,7,9,20.255,tidak ramai
21-05-2024 15:07:14,7,7,11,10.92,tidak ramai
21-05-2024 15:07:17,14,6,9,22.697499999999998,tidak ramai
21-05-2024 15:07:20,6,8,10,10.947500000000002,tidak ramai
21-05-2024 15:07:23,16,8,9,23.715,tidak ramai
21-05-2024 15:07:25,8,7,11,10.93,tidak ramai
21-05-2024 15:07:28,14,8,11,23.603333333333335,tidak ramai
21-05-2024 15:07:30,10,8,10,11.383333333333333,tidak ramai
21-05-2024 15:07:33,14,8,8,21.0775,tidak ramai
21-05-2024 15:07:36,10,10,8,12.11,tidak ramai
21-05-2024 15:07:39,15,8,9,20.7125,tidak ramai
21-05-2024 15:07:42,14,8,7,19.81,tidak ramai
21-05-2024 15:07:45,15,9,9,18.925,tidak ramai
21-05-2024 15:07:48,16,7,8,19.7475,tidak ramai
21-05-2024 15:07:50,13,7,11,18.369999999999997,tidak ramai
21-05-2024 15:07:53,15,7,9,19.05,tidak ramai
21-05-2024 15:07:56,11,6,10,16.92,tidak ramai
21-05-2024 15:07:58,15,7,10,18.84,tidak ramai
21-05-2024 15:08:01,16,6,7,19.876,tidak ramai
21-05-2024 15:08:03,14,7,8,14.15,tidak ramai
21-05-2024 15:08:06,19,8,8,22.546666666666667,tidak ramai
21-05-2024 15:08:08,14,6,9,13.01,tidak ramai
21-05-2024 15:08:12,17,8,6,23.479999999999997,tidak ramai
21-05-2024 15:08:13,13,6,9,13.4,tidak ramai
21-05-2024 15:08:17,19,8,8,27.025000000000002,tidak ramai
21-05-2024 15:08:19,16,11,11,23.75,tidak ramai
21-05-2024 15:08:23,18,8,8,29.097499999999997,tidak ramai
21-05-2024 15:08:24,17,12,11,24.095,tidak ramai
21-05-2024 15:08:28,16,8,9,28.884999999999998,tidak ramai
21-05-2024 15:08:29,18,11,11,26.333333333333332,tidak ramai
21-05-2024 15:08:34,16,10,9,30.01666666666667,ramai
21-05-2024 15:08:34,17,10,10,26.73,tidak ramai
21-05-2024 15:08:39,11,9,11,36.3875,ramai
21-05-2024 15:08:40,18,9,8,27.19333333333333,tidak ramai
21-05-2024 15:08:44,11,11,10,36.18,ramai
21-05-2024 15:08:46,16,9,7,26.375,tidak ramai
21-05-2024 15:08:50,10,11,8,37.0775,ramai
21-05-2024 15:08:51,17,8,8,27.6475,tidak ramai
21-05-2024 15:08:55,10,9,8,36.53,ramai
21-05-2024 15:08:57,14,6,7,22.11,tidak ramai
21-05-2024 15:09:01,10,10,7,36.195,ramai
21-05-2024 15:09:02,15,5,6,17.34,tidak ramai
21-05-2024 15:09:07,10,10,6,35.976,ramai
21-05-2024 15:09:07,15,4,6,14.085,tidak ramai
21-05-2024 15:09:13,16,5,7,14.786666666666667,tidak ramai
21-05-2024 15:09:13,9,9,9,36.368,ramai
21-05-2024 15:09:18,17,6,6,15.3325,tidak ramai
21-05-2024 15:09:19,9,10,9,35.6825,ramai
21-05-2024 15:09:23,17,7,9,15.514999999999999,tidak ramai
21-05-2024 15:09:24,12,6,6,28.942500000000003,tidak ramai
21-05-2024 15:09:29,19,6,9,16.313333333333333,tidak ramai
21-05-2024 15:09:30,16,3,4,24.176666666666666,tidak ramai
21-05-2024 15:09:34,15,7,9,15.76,tidak ramai
21-05-2024 15:09:36,15,4,4,25.586000000000002,tidak ramai
21-05-2024 15:09:40,17,10,8,13.043333333333335,tidak ramai
21-05-2024 15:09:42,16,4,4,19.9375,tidak ramai
21-05-2024 15:09:45,18,10,7,14.692499999999999,tidak ramai
21-05-2024 15:09:47,15,6,7,27.0,tidak ramai
21-05-2024 15:09:50,19,10,8,15.206666666666665,tidak ramai
21-05-2024 15:09:53,15,7,4,29.058,tidak ramai
21-05-2024 15:09:55,19,8,9,15.3875,tidak ramai
21-05-2024 15:09:59,15,7,5,28.58,tidak ramai
21-05-2024 15:10:01,20,8,7,15.866666666666665,tidak ramai
21-05-2024 15:10:04,15,10,4,24.713333333333335,tidak ramai
21-05-2024 15:10:06,19,8,8,16.655,tidak ramai
21-05-2024 15:10:09,13,10,6,20.959999999999997,tidak ramai
21-05-2024 15:10:11,19,7,9,15.680000000000001,tidak ramai
21-05-2024 15:10:14,12,11,11,21.28333333333333,tidak ramai
21-05-2024 15:10:16,14,4,9,15.746666666666668,tidak ramai
21-05-2024 15:10:20,11,14,13,21.25,tidak ramai
21-05-2024 15:10:22,15,5,8,15.7875,tidak ramai
21-05-2024 15:10:26,14,17,13,21.436666666666667,tidak ramai
21-05-2024 15:10:27,15,5,7,15.1975,tidak ramai
21-05-2024 15:10:31,18,15,16,21.297500000000003,tidak ramai
21-05-2024 15:10:33,13,5,6,14.67,tidak ramai
21-05-2024 15:10:57,15,15,10,20.74,tidak ramai
21-05-2024 15:11:02,14,15,12,18.79,tidak ramai
21-05-2024 15:11:08,12,6,5,25.22,tidak ramai
21-05-2024 15:11:09,13,16,12,14.463999999999999,tidak ramai
21-05-2024 15:11:14,12,6,4,25.682500000000005,tidak ramai
21-05-2024 15:11:15,15,14,11,14.962499999999999,tidak ramai
21-05-2024 15:11:19,12,6,4,26.072499999999998,tidak ramai
21-05-2024 15:11:20,15,12,9,15.168000000000001,tidak ramai
21-05-2024 15:11:24,12,5,4,26.22,tidak ramai
21-05-2024 15:11:26,14,11,8,16.075,tidak ramai
21-05-2024 15:11:30,12,4,4,27.6275,tidak ramai
21-05-2024 15:11:31,16,9,8,14.3425,tidak ramai
21-05-2024 15:11:35,13,4,6,28.8425,tidak ramai
21-05-2024 15:11:37,17,9,8,15.145,tidak ramai
21-05-2024 15:11:41,13,4,6,28.395,tidak ramai
21-05-2024 15:11:42,14,10,8,16.740000000000002,tidak ramai
21-05-2024 15:11:46,13,5,8,30.57,ramai
21-05-2024 15:11:47,16,9,9,15.965,tidak ramai
21-05-2024 15:11:52,17,5,7,32.1325,ramai
21-05-2024 15:11:53,15,9,6,15.895,tidak ramai
21-05-2024 15:11:57,17,5,6,32.55500000000001,ramai
21-05-2024 15:11:58,13,8,3,18.155,tidak ramai
21-05-2024 15:12:03,15,5,8,28.009999999999998,tidak ramai
21-05-2024 15:12:03,14,8,7,20.71,tidak ramai
21-05-2024 15:12:08,14,6,10,23.860000000000003,tidak ramai
21-05-2024 15:12:09,17,7,6,22.464999999999996,tidak ramai
21-05-2024 15:12:13,12,9,8,22.4475,tidak ramai
21-05-2024 15:12:15,13,8,8,24.982499999999998,tidak ramai
21-05-2024 15:12:19,12,8,9,19.72,tidak ramai
21-05-2024 15:12:20,12,8,9,24.24,tidak ramai
21-05-2024 15:12:25,13,7,8,14.39,tidak ramai
21-05-2024 15:12:25,11,9,9,22.1575,tidak ramai
21-05-2024 15:12:30,13,5,9,13.127500000000001,tidak ramai
21-05-2024 15:12:31,10,10,11,19.6,tidak ramai
21-05-2024 15:12:36,13,5,10,14.495,tidak ramai
21-05-2024 15:12:36,11,12,11,21.0475,tidak ramai
21-05-2024 15:12:41,13,6,9,15.82,tidak ramai
21-05-2024 15:12:42,13,13,10,22.97,tidak ramai
21-05-2024 15:12:46,13,6,8,16.675,tidak ramai
21-05-2024 15:12:47,14,10,11,23.792499999999997,tidak ramai
21-05-2024 15:12:52,13,5,6,15.469999999999999,tidak ramai
21-05-2024 15:12:52,17,12,11,23.7725,tidak ramai
21-05-2024 15:12:57,15,11,9,24.112000000000002,tidak ramai
21-05-2024 15:12:57,15,5,9,14.766666666666666,tidak ramai
21-05-2024 15:13:03,15,12,9,26.95,tidak ramai
21-05-2024 15:13:03,15,5,11,20.962500000000002,tidak ramai
21-05-2024 15:13:08,15,11,9,27.616666666666664,tidak ramai
21-05-2024 15:13:08,13,7,8,19.0775,tidak ramai
21-05-2024 15:13:13,15,10,8,26.5725,tidak ramai
21-05-2024 15:13:14,11,8,8,14.456666666666665,tidak ramai
21-05-2024 15:13:19,16,12,9,26.86,tidak ramai
21-05-2024 15:13:19,12,9,6,13.667999999999997,tidak ramai
21-05-2024 15:13:24,14,11,8,20.606666666666666,tidak ramai
21-05-2024 15:13:25,13,9,7,12.026666666666666,tidak ramai
21-05-2024 15:13:30,11,8,7,7.7875000000000005,tidak ramai
21-05-2024 15:13:35,10,6,9,7.3100000000000005,tidak ramai
21-05-2024 15:13:40,12,7,9,8.5375,tidak ramai
21-05-2024 15:13:41,13,7,6,12.014,tidak ramai
21-05-2024 15:13:45,15,8,10,10.31,tidak ramai
21-05-2024 15:13:48,13,7,6,12.33,tidak ramai
21-05-2024 15:13:51,14,7,13,11.723333333333334,tidak ramai
21-05-2024 15:13:54,16,4,5,13.943333333333333,tidak ramai
21-05-2024 15:13:56,17,10,11,25.902500000000003,tidak ramai
21-05-2024 15:14:00,18,3,3,17.025,tidak ramai
21-05-2024 15:14:02,18,14,13,30.55,ramai
21-05-2024 15:14:05,19,3,4,18.093333333333334,tidak ramai
21-05-2024 15:14:07,17,12,13,28.785000000000004,tidak ramai
21-05-2024 15:14:11,17,3,4,16.77,tidak ramai
21-05-2024 15:14:13,17,12,14,27.080000000000002,tidak ramai
21-05-2024 15:14:16,16,3,4,14.3675,tidak ramai
21-05-2024 15:14:18,17,15,15,27.596666666666668,tidak ramai
21-05-2024 15:14:21,16,3,4,9.56,tidak ramai
21-05-2024 15:14:23,16,15,16,28.765,tidak ramai
21-05-2024 15:14:27,15,3,3,10.58,tidak ramai
21-05-2024 15:14:29,15,13,17,24.2,tidak ramai
21-05-2024 15:14:32,16,3,4,11.823333333333332,tidak ramai
21-05-2024 15:14:35,15,11,14,14.812000000000001,tidak ramai
21-05-2024 15:14:38,21,7,7,17.835,tidak ramai
21-05-2024 15:14:40,16,9,12,14.526666666666666,tidak ramai
21-05-2024 15:14:43,23,8,12,23.4225,tidak ramai
21-05-2024 15:14:46,15,11,11,15.59,tidak ramai
21-05-2024 15:14:49,20,6,11,22.6925,tidak ramai
21-05-2024 15:14:51,17,11,10,15.836666666666666,tidak ramai
21-05-2024 15:14:54,20,6,7,22.763333333333335,tidak ramai
21-05-2024 15:14:56,16,11,9,17.6725,tidak ramai
21-05-2024 15:15:00,19,6,8,24.835,tidak ramai
21-05-2024 15:15:02,15,7,9,16.76,tidak ramai
21-05-2024 15:15:05,20,4,7,26.5425,tidak ramai
21-05-2024 15:15:07,13,7,11,17.3225,tidak ramai
21-05-2024 15:15:10,20,6,8,29.009999999999998,tidak ramai
21-05-2024 15:15:12,21,3,5,9.184,tidak ramai
21-05-2024 15:15:15,24,6,6,25.9725,tidak ramai
21-05-2024 15:15:17,22,8,9,10.852500000000001,tidak ramai
21-05-2024 15:15:21,22,7,7,22.71,tidak ramai
21-05-2024 15:15:23,26,8,11,12.3675,tidak ramai
21-05-2024 15:15:26,20,6,6,20.377499999999998,tidak ramai
21-05-2024 15:15:28,23,8,12,14.1225,tidak ramai
21-05-2024 15:15:31,18,6,4,20.419999999999998,tidak ramai
21-05-2024 15:15:34,15,9,11,16.34,tidak ramai
21-05-2024 15:15:37,15,6,5,22.162499999999998,tidak ramai
21-05-2024 15:15:39,15,10,12,20.2425,tidak ramai
21-05-2024 15:15:42,18,5,5,24.939999999999998,tidak ramai
21-05-2024 15:15:44,7,7,9,8.756,tidak ramai
21-05-2024 15:15:47,13,6,5,15.434999999999999,tidak ramai
21-05-2024 15:15:50,8,8,8,9.555,tidak ramai
21-05-2024 15:15:52,7,5,6,3.735,tidak ramai
21-05-2024 15:15:55,5,5,8,8.8325,tidak ramai
21-05-2024 15:15:57,9,5,4,4.36,tidak ramai
21-05-2024 15:16:01,7,5,11,10.074000000000002,tidak ramai
21-05-2024 15:16:03,10,5,4,4.152,tidak ramai
21-05-2024 15:16:06,8,7,8,12.645,tidak ramai
21-05-2024 15:16:08,8,4,2,3.4324999999999997,tidak ramai
21-05-2024 15:16:16,10,7,7,14.51,tidak ramai
21-05-2024 15:16:17,10,4,3,3.8233333333333337,tidak ramai
21-05-2024 15:16:23,14,10,10,16.2575,tidak ramai
21-05-2024 15:16:23,9,6,7,14.71,tidak ramai
21-05-2024 15:16:28,15,13,12,21.8825,tidak ramai
21-05-2024 15:16:28,16,9,13,19.83,tidak ramai
21-05-2024 15:16:34,12,14,13,22.586,tidak ramai
21-05-2024 15:16:34,17,11,12,21.43,tidak ramai
21-05-2024 15:16:39,13,13,13,24.982499999999998,tidak ramai
21-05-2024 15:16:40,18,10,11,22.166666666666668,tidak ramai
21-05-2024 15:16:45,14,12,11,27.513333333333335,tidak ramai
21-05-2024 15:16:45,20,10,12,25.425,tidak ramai
21-05-2024 15:16:50,18,11,12,26.79,tidak ramai
21-05-2024 15:16:56,14,11,13,31.53,ramai
21-05-2024 15:17:02,15,11,13,18.395,tidak ramai
21-05-2024 15:17:08,12,10,11,15.830000000000002,tidak ramai
21-05-2024 15:17:35,14,8,11,15.370000000000001,tidak ramai
21-05-2024 15:17:41,16,6,11,13.815000000000001,tidak ramai
21-05-2024 15:17:41,14,7,9,14.4,tidak ramai
21-05-2024 15:17:46,16,8,11,13.137500000000001,tidak ramai
21-05-2024 15:17:47,14,6,8,11.2975,tidak ramai
21-05-2024 15:17:51,16,7,10,11.66,tidak ramai
21-05-2024 15:17:52,13,6,9,10.075000000000001,tidak ramai
21-05-2024 15:17:56,18,6,10,10.365,tidak ramai
21-05-2024 15:17:57,14,6,6,9.6975,tidak ramai
21-05-2024 15:18:02,17,5,8,9.45,tidak ramai
21-05-2024 15:18:04,14,7,7,10.559999999999999,tidak ramai
21-05-2024 15:18:07,16,9,9,9.434999999999999,tidak ramai
21-05-2024 15:18:09,16,6,8,11.430000000000001,tidak ramai
21-05-2024 15:18:12,18,10,9,10.317499999999999,tidak ramai
21-05-2024 15:18:15,14,5,7,11.432500000000001,tidak ramai
21-05-2024 15:18:17,17,9,10,11.225000000000001,tidak ramai
21-05-2024 15:18:20,16,6,8,10.9725,tidak ramai
21-05-2024 18:33:08,20,1,4,30.095,ramai
21-05-2024 18:33:14,24,1,2,28.139999999999997,tidak ramai
21-05-2024 18:33:20,20,1,2,25.057499999999997,tidak ramai
21-05-2024 18:33:21,13,3,7,25.665,tidak ramai
21-05-2024 18:33:25,19,1,3,28.432499999999997,tidak ramai
21-05-2024 18:33:26,15,3,9,27.052500000000002,tidak ramai
21-05-2024 18:33:30,17,0,4,29.0025,tidak ramai
21-05-2024 18:33:31,14,3,8,24.982499999999998,tidak ramai
21-05-2024 18:33:36,16,0,4,33.175,ramai
21-05-2024 18:33:36,15,3,6,26.4925,tidak ramai
21-05-2024 18:33:41,15,0,4,23.51,tidak ramai
21-05-2024 18:33:42,17,3,4,30.8375,ramai
21-05-2024 18:33:47,15,0,4,23.886666666666667,tidak ramai
21-05-2024 18:33:47,16,2,6,22.886666666666667,tidak ramai
21-05-2024 18:33:52,16,0,5,27.087500000000002,tidak ramai
21-05-2024 18:33:52,13,2,8,22.5325,tidak ramai
21-05-2024 18:33:58,16,0,5,25.607999999999997,tidak ramai
21-05-2024 18:33:58,10,3,11,22.95,tidak ramai
21-05-2024 18:34:03,11,4,13,23.884999999999998,tidak ramai
21-05-2024 18:34:04,14,1,4,25.80666666666667,tidak ramai
21-05-2024 18:34:10,9,3,14,24.23,tidak ramai
21-05-2024 18:34:10,15,2,4,25.44666666666667,tidak ramai
21-05-2024 18:34:15,8,3,9,23.473333333333333,tidak ramai
21-05-2024 18:34:16,17,3,4,25.776666666666667,tidak ramai
21-05-2024 18:34:20,11,2,9,24.146666666666665,tidak ramai
21-05-2024 18:34:21,17,3,5,26.919999999999998,tidak ramai
21-05-2024 18:34:26,13,2,9,25.884999999999998,tidak ramai
21-05-2024 18:34:27,14,3,4,27.30333333333333,tidak ramai
21-05-2024 18:34:31,11,3,9,27.17,tidak ramai
21-05-2024 18:34:32,9,2,5,26.055,tidak ramai
21-05-2024 18:34:37,9,2,7,22.75333333333333,tidak ramai
21-05-2024 18:34:37,11,3,8,27.654000000000003,tidak ramai
21-05-2024 18:34:42,10,1,7,19.555,tidak ramai
21-05-2024 18:34:43,10,3,9,29.07,tidak ramai
21-05-2024 18:34:48,12,0,7,19.085,tidak ramai
21-05-2024 18:34:48,9,4,9,30.150000000000002,ramai
21-05-2024 18:34:53,13,0,7,19.6525,tidak ramai
21-05-2024 18:34:54,11,3,10,29.802500000000002,tidak ramai
21-05-2024 18:34:59,11,0,8,18.5875,tidak ramai
21-05-2024 18:34:59,9,2,5,22.552,tidak ramai
21-05-2024 18:35:04,10,0,7,18.603333333333335,tidak ramai
21-05-2024 18:35:05,9,1,4,19.663333333333334,tidak ramai
21-05-2024 18:35:10,10,0,7,18.826666666666668,tidak ramai
21-05-2024 18:35:10,9,1,5,19.898,tidak ramai
21-05-2024 18:35:15,6,1,4,19.356666666666666,tidak ramai
21-05-2024 18:35:16,11,1,6,21.74666666666667,tidak ramai
21-05-2024 18:35:21,11,0,6,22.186666666666667,tidak ramai
21-05-2024 18:35:21,6,1,5,18.1325,tidak ramai
21-05-2024 18:35:53,15,0,1,32.9,Ramai
21-05-2024 18:35:59,12,0,4,23.678,Tidak Ramai
21-05-2024 18:36:04,11,0,4,18.052500000000002,Tidak Ramai
21-05-2024 18:36:07,12,1,7,33.52,Ramai
21-05-2024 18:36:10,11,1,5,20.072499999999998,Tidak Ramai
21-05-2024 18:36:12,12,1,7,32.760000000000005,Ramai
21-05-2024 18:36:15,18,2,5,30.115000000000002,Ramai
21-05-2024 18:36:17,11,1,8,33.905,Ramai
21-05-2024 18:36:21,18,2,6,29.7175,Tidak Ramai
21-05-2024 18:36:24,13,1,9,35.1175,Ramai
21-05-2024 18:36:26,12,3,6,20.063333333333333,Tidak Ramai
21-05-2024 18:36:29,13,2,10,33.6725,Ramai
21-05-2024 18:36:31,12,4,4,19.8725,Tidak Ramai
21-05-2024 18:36:34,12,2,9,29.849999999999998,Tidak Ramai
21-05-2024 18:36:37,11,2,6,19.763333333333335,Tidak Ramai
21-05-2024 18:36:39,12,1,10,29.425,Tidak Ramai
21-05-2024 18:36:42,10,2,5,19.82,Tidak Ramai
21-05-2024 18:36:45,13,1,9,29.762,Tidak Ramai
21-05-2024 18:36:48,10,2,5,20.599999999999998,Tidak Ramai
21-05-2024 18:36:50,13,1,10,31.354999999999997,Ramai
21-05-2024 18:36:53,11,2,4,19.955,Tidak Ramai
21-05-2024 18:36:56,17,1,9,30.917500000000004,Ramai
21-05-2024 18:36:58,9,0,2,17.97,Tidak Ramai
21-05-2024 18:37:01,14,1,8,29.42,Tidak Ramai
21-05-2024 18:37:04,10,0,6,24.59,Tidak Ramai
21-05-2024 18:38:43,10,2,2,29.77,Tidak Ramai
21-05-2024 18:38:48,11,2,4,31.724,Ramai
21-05-2024 18:38:54,12,2,5,30.725,Ramai
21-05-2024 18:38:56,13,2,5,23.05,Tidak Ramai
21-05-2024 18:38:59,11,3,4,25.03,Tidak Ramai
21-05-2024 18:39:01,13,1,6,23.904999999999998,Tidak Ramai
21-05-2024 18:39:04,12,2,7,23.975,Tidak Ramai
21-05-2024 18:39:06,15,1,5,25.593333333333334,Tidak Ramai
21-05-2024 18:39:10,12,1,9,26.45,Tidak Ramai
21-05-2024 18:39:12,13,2,6,23.475,Tidak Ramai
21-05-2024 18:39:15,12,2,11,26.68,Tidak Ramai
21-05-2024 18:39:17,12,3,6,20.1475,Tidak Ramai
21-05-2024 18:39:20,15,2,8,25.317500000000003,Tidak Ramai
21-05-2024 18:39:22,8,3,3,15.87,Tidak Ramai
21-05-2024 18:39:26,13,1,6,21.78,Tidak Ramai
21-05-2024 18:39:28,8,4,5,14.995,Tidak Ramai
21-05-2024 18:39:31,17,2,8,22.973333333333333,Tidak Ramai
21-05-2024 18:39:33,10,3,6,15.14,Tidak Ramai
21-05-2024 18:39:36,14,1,5,20.862499999999997,Tidak Ramai
21-05-2024 18:39:39,9,3,6,12.225,Tidak Ramai
21-05-2024 18:39:42,13,0,6,17.1375,Tidak Ramai
21-05-2024 18:39:44,7,1,8,12.5325,Tidak Ramai
21-05-2024 18:39:47,10,0,3,13.927500000000002,Tidak Ramai
21-05-2024 18:39:50,8,2,7,12.683333333333332,Tidak Ramai
21-05-2024 18:39:52,17,4,10,17.289999999999996,Tidak Ramai
21-05-2024 18:39:55,7,2,6,12.200000000000001,Tidak Ramai
21-05-2024 18:39:58,13,4,10,18.335,Tidak Ramai
21-05-2024 18:40:01,9,2,6,12.1375,Tidak Ramai
21-05-2024 18:40:03,13,2,9,17.91,Tidak Ramai
21-05-2024 18:40:06,11,1,7,16.5625,Tidak Ramai
21-05-2024 18:40:08,14,3,10,18.3325,Tidak Ramai
21-05-2024 18:40:12,10,1,6,19.3575,Tidak Ramai
21-05-2024 18:40:14,9,2,7,16.79,Tidak Ramai
21-05-2024 18:40:17,11,2,7,18.3925,Tidak Ramai
21-05-2024 18:40:19,11,4,8,17.7125,Tidak Ramai
21-05-2024 18:40:23,13,1,9,16.339999999999996,Tidak Ramai
21-05-2024 18:40:25,9,3,9,16.912,Tidak Ramai
21-05-2024 18:40:29,11,1,8,13.526,Tidak Ramai
21-05-2024 18:40:31,10,3,9,16.966,Tidak Ramai
21-05-2024 18:40:35,10,1,4,12.6625,Tidak Ramai
21-05-2024 18:40:36,8,5,6,8.986666666666666,Tidak Ramai
21-05-2024 18:40:41,10,2,6,12.5525,Tidak Ramai
21-05-2024 18:40:41,7,4,8,8.3,Tidak Ramai
21-05-2024 18:40:47,9,2,9,12.67,Tidak Ramai
21-05-2024 18:40:47,8,4,6,8.57,Tidak Ramai
21-05-2024 18:40:52,11,2,8,12.660000000000002,Tidak Ramai
21-05-2024 18:40:52,7,4,6,8.1425,Tidak Ramai
21-05-2024 18:40:57,15,4,7,26.100000000000005,Tidak Ramai
21-05-2024 18:40:58,7,3,7,8.67,Tidak Ramai
21-05-2024 18:41:02,15,5,9,27.2975,Tidak Ramai
21-05-2024 18:41:03,9,3,10,10.66,Tidak Ramai
21-05-2024 18:41:08,12,4,9,18.410000000000004,Tidak Ramai
21-05-2024 18:41:08,9,3,10,9.807500000000001,Tidak Ramai
21-05-2024 18:41:14,12,4,10,27.177500000000002,Tidak Ramai
21-05-2024 18:41:14,9,3,11,11.566666666666668,Tidak Ramai
21-05-2024 18:41:19,12,3,8,25.5025,Tidak Ramai
21-05-2024 18:41:20,8,5,10,12.436,Tidak Ramai
21-05-2024 18:41:24,11,3,8,21.2125,Tidak Ramai
21-05-2024 18:41:25,13,5,8,13.267500000000002,Tidak Ramai
21-05-2024 18:41:30,11,3,7,20.966666666666665,Tidak Ramai
21-05-2024 18:41:31,11,4,12,12.986666666666666,Tidak Ramai
21-05-2024 18:41:35,13,1,2,25.0425,Tidak Ramai
21-05-2024 18:41:37,10,2,10,13.9225,Tidak Ramai
21-05-2024 18:41:40,13,0,1,28.973333333333333,Tidak Ramai
21-05-2024 18:41:42,11,1,6,18.025,Tidak Ramai
21-05-2024 18:41:46,10,0,1,26.305,Tidak Ramai
21-05-2024 18:41:47,10,0,5,13.953333333333333,Tidak Ramai
21-05-2024 18:41:51,12,0,2,18.63,Tidak Ramai
21-05-2024 18:41:53,10,1,6,14.765,Tidak Ramai
21-05-2024 18:41:57,11,0,4,25.5625,Tidak Ramai
21-05-2024 18:41:58,10,1,10,13.0175,Tidak Ramai
21-05-2024 18:42:02,9,0,4,15.05,Tidak Ramai
21-05-2024 18:42:04,9,2,9,14.004999999999999,Tidak Ramai
21-05-2024 18:42:08,10,2,3,25.849999999999998,Tidak Ramai
21-05-2024 18:42:09,11,2,9,13.7975,Tidak Ramai
21-05-2024 18:42:13,10,3,5,26.6475,Tidak Ramai
21-05-2024 18:42:15,11,2,9,13.495,Tidak Ramai
21-05-2024 18:42:19,9,3,9,29.5925,Tidak Ramai
21-05-2024 18:42:20,12,1,8,12.775,Tidak Ramai
21-05-2024 18:42:24,9,2,7,24.129999999999995,Tidak Ramai
21-05-2024 18:42:26,15,1,4,11.695,Tidak Ramai
21-05-2024 18:42:29,8,2,5,19.823333333333334,Tidak Ramai
21-05-2024 18:42:31,12,4,9,21.603333333333335,Tidak Ramai
21-05-2024 18:42:35,12,1,6,25.5475,Tidak Ramai
21-05-2024 18:42:37,11,4,8,23.265,Tidak Ramai
21-05-2024 18:42:40,11,3,5,24.02,Tidak Ramai
21-05-2024 18:42:42,13,5,7,25.002499999999998,Tidak Ramai
21-05-2024 18:42:46,10,2,5,25.266666666666666,Tidak Ramai
21-05-2024 18:42:47,14,4,7,25.272499999999997,Tidak Ramai
21-05-2024 18:42:51,13,3,8,26.2075,Tidak Ramai
21-05-2024 18:42:53,13,5,4,27.1825,Tidak Ramai
21-05-2024 18:42:57,15,4,11,21.0375,Tidak Ramai
21-05-2024 18:42:58,15,5,7,29.535,Tidak Ramai
21-05-2024 18:43:02,17,4,11,21.872499999999995,Tidak Ramai
21-05-2024 18:43:03,17,4,5,29.1,Tidak Ramai
21-05-2024 18:43:07,14,3,8,21.3675,Tidak Ramai
21-05-2024 18:43:09,8,5,3,21.8675,Tidak Ramai
21-05-2024 18:43:12,12,4,10,20.924999999999997,Tidak Ramai
21-05-2024 18:43:15,9,4,2,22.47,Tidak Ramai
21-05-2024 18:43:17,11,3,10,20.19666666666667,Tidak Ramai
21-05-2024 18:43:20,11,4,2,22.6125,Tidak Ramai
21-05-2024 18:43:23,13,3,6,19.35,Tidak Ramai
21-05-2024 18:43:25,10,4,4,23.22666666666667,Tidak Ramai
21-05-2024 18:43:28,6,2,8,15.3875,Tidak Ramai
21-05-2024 18:43:31,8,4,3,23.088,Tidak Ramai
21-05-2024 18:43:34,6,2,8,14.76,Tidak Ramai
21-05-2024 18:43:36,8,3,4,21.465999999999998,Tidak Ramai
21-05-2024 18:43:39,6,2,10,15.184000000000001,Tidak Ramai
21-05-2024 18:43:42,12,1,6,25.724999999999998,Tidak Ramai
21-05-2024 18:43:45,7,2,9,14.485,Tidak Ramai
21-05-2024 18:43:47,13,2,6,26.2525,Tidak Ramai
21-05-2024 18:43:50,8,2,7,13.542499999999999,Tidak Ramai
21-05-2024 18:43:52,15,2,8,22.646666666666665,Tidak Ramai
21-05-2024 18:43:56,8,3,8,13.21,Tidak Ramai
21-05-2024 18:43:58,17,1,7,21.6125,Tidak Ramai
21-05-2024 18:44:02,11,1,8,20.457500000000003,Tidak Ramai
21-05-2024 18:44:03,13,2,7,21.881999999999998,Tidak Ramai
21-05-2024 18:44:07,10,0,7,22.87,Tidak Ramai
21-05-2024 18:44:09,14,1,6,22.384999999999998,Tidak Ramai
21-05-2024 18:44:14,11,0,7,24.339999999999996,Tidak Ramai
21-05-2024 18:44:16,16,2,5,22.069999999999997,Tidak Ramai
21-05-2024 18:44:19,10,2,4,21.05,Tidak Ramai
21-05-2024 18:44:21,17,3,4,20.6475,Tidak Ramai
21-05-2024 18:44:25,8,2,6,16.18,Tidak Ramai
21-05-2024 18:44:27,17,2,5,18.965,Tidak Ramai
21-05-2024 18:44:30,7,1,4,19.21,Tidak Ramai
21-05-2024 18:44:32,19,4,6,15.957500000000001,Tidak Ramai
21-05-2024 18:44:36,5,1,4,16.9,Tidak Ramai
21-05-2024 18:44:37,18,4,6,15.89,Tidak Ramai
21-05-2024 18:44:41,8,3,8,23.42,Tidak Ramai
21-05-2024 18:44:42,16,4,8,22.155,Tidak Ramai
21-05-2024 18:44:46,8,3,9,25.080000000000002,Tidak Ramai
21-05-2024 18:44:48,15,3,8,28.1975,Tidak Ramai
21-05-2024 18:44:51,8,2,12,22.786666666666665,Tidak Ramai
21-05-2024 18:44:54,16,3,4,26.507500000000004,Tidak Ramai
21-05-2024 18:44:57,7,2,11,18.2725,Tidak Ramai
21-05-2024 18:44:59,14,0,0,18.9625,Tidak Ramai
21-05-2024 18:45:02,9,4,11,20.15,Tidak Ramai
21-05-2024 18:45:05,15,0,0,20.146666666666665,Tidak Ramai
21-05-2024 18:45:07,10,5,11,20.415,Tidak Ramai
21-05-2024 18:45:11,13,0,2,20.05333333333333,Tidak Ramai
21-05-2024 18:45:13,10,4,11,20.51,Tidak Ramai
21-05-2024 18:45:17,13,0,2,20.252499999999998,Tidak Ramai
21-05-2024 18:45:18,11,2,11,17.580000000000002,Tidak Ramai
21-05-2024 18:45:22,15,0,2,21.103333333333335,Tidak Ramai
21-05-2024 18:45:24,4,3,10,10.0325,Tidak Ramai
21-05-2024 18:45:27,12,1,3,20.976666666666667,Tidak Ramai
21-05-2024 18:45:29,5,3,8,10.9425,Tidak Ramai
21-05-2024 18:45:33,12,0,2,22.322499999999998,Tidak Ramai
21-05-2024 18:45:35,4,3,7,13.083333333333334,Tidak Ramai
21-05-2024 18:45:38,14,1,7,25.383333333333336,Tidak Ramai
21-05-2024 18:45:40,3,3,8,14.31,Tidak Ramai
21-05-2024 18:45:43,14,1,7,22.625,Tidak Ramai
21-05-2024 18:45:45,5,2,12,14.7525,Tidak Ramai
21-05-2024 18:45:48,20,2,7,18.247500000000002,Tidak Ramai
21-05-2024 18:45:50,9,5,10,12.922,Tidak Ramai
21-05-2024 18:45:54,18,1,8,15.967500000000001,Tidak Ramai
21-05-2024 18:45:56,7,4,8,14.719999999999999,Tidak Ramai
21-05-2024 18:45:59,16,1,7,16.9525,Tidak Ramai
21-05-2024 18:46:01,9,1,6,24.285,Tidak Ramai
21-05-2024 18:46:05,16,2,9,18.655,Tidak Ramai
21-05-2024 18:46:07,10,1,7,25.082500000000003,Tidak Ramai
21-05-2024 18:46:10,17,2,12,19.876666666666665,Tidak Ramai
21-05-2024 18:46:12,10,1,7,25.475,Tidak Ramai
21-05-2024 18:46:15,11,2,9,21.33,Tidak Ramai
21-05-2024 18:46:18,11,1,5,26.956666666666667,Tidak Ramai
21-05-2024 18:46:21,10,3,8,21.1825,Tidak Ramai
21-05-2024 18:46:24,13,2,5,27.1,Tidak Ramai
21-05-2024 18:46:26,13,3,6,21.136666666666667,Tidak Ramai
21-05-2024 18:46:29,12,6,9,29.84,Tidak Ramai
21-05-2024 18:46:32,11,2,5,13.5075,Tidak Ramai
21-05-2024 18:46:34,11,5,9,32.03,Ramai
21-05-2024 18:46:37,11,3,3,15.46,Tidak Ramai
21-05-2024 18:46:40,11,5,12,29.00666666666667,Tidak Ramai
21-05-2024 18:46:43,15,2,4,20.19,Tidak Ramai
21-05-2024 18:46:46,11,6,13,27.93,Tidak Ramai
21-05-2024 18:46:48,11,1,4,21.3275,Tidak Ramai
21-05-2024 18:46:51,12,6,14,24.985,Tidak Ramai
21-05-2024 18:46:53,9,1,5,20.685,Tidak Ramai
21-05-2024 18:46:56,14,7,13,16.965,Tidak Ramai
21-05-2024 18:46:58,9,3,6,20.833333333333332,Tidak Ramai
21-05-2024 18:47:02,16,5,11,15.0475,Tidak Ramai
21-05-2024 18:47:04,11,2,6,17.787499999999998,Tidak Ramai
21-05-2024 18:47:07,14,6,9,14.475,Tidak Ramai
21-05-2024 18:47:09,9,0,5,13.37,Tidak Ramai
21-05-2024 18:47:13,12,5,11,16.06,Tidak Ramai
21-05-2024 18:47:14,11,0,6,15.1175,Tidak Ramai
21-05-2024 18:47:18,8,3,11,15.543333333333331,Tidak Ramai
21-05-2024 18:47:20,11,0,5,15.9975,Tidak Ramai
21-05-2024 18:47:23,10,3,12,18.332499999999996,Tidak Ramai
21-05-2024 18:47:25,13,1,5,18.8,Tidak Ramai
21-05-2024 18:47:29,12,2,12,17.666666666666668,Tidak Ramai
21-05-2024 18:47:30,12,1,4,17.276666666666667,Tidak Ramai
21-05-2024 18:47:34,15,2,11,17.576666666666668,Tidak Ramai
21-05-2024 18:47:36,13,1,1,12.4275,Tidak Ramai
21-05-2024 18:47:40,10,2,9,17.46,Tidak Ramai
21-05-2024 18:47:41,12,1,0,12.74,Tidak Ramai
21-05-2024 18:47:45,7,5,6,16.01,Tidak Ramai
21-05-2024 18:47:46,13,1,0,19.152500000000003,Tidak Ramai
21-05-2024 18:47:50,8,5,5,16.150000000000002,Tidak Ramai
21-05-2024 18:47:51,13,0,0,11.799999999999999,Tidak Ramai
21-05-2024 18:47:56,14,0,0,12.725,Tidak Ramai
21-05-2024 18:47:57,8,3,8,15.06,Tidak Ramai
21-05-2024 18:48:02,11,4,12,21.853333333333335,Tidak Ramai
21-05-2024 18:48:02,12,0,0,14.183333333333332,Tidak Ramai
21-05-2024 18:48:07,14,4,16,28.625,Tidak Ramai
21-05-2024 18:48:08,11,0,0,15.84,Tidak Ramai
21-05-2024 18:48:13,15,4,14,28.4625,Tidak Ramai
21-05-2024 18:48:13,17,4,9,22.285,Tidak Ramai
21-05-2024 18:48:18,17,4,16,27.58666666666667,Tidak Ramai
21-05-2024 18:48:19,16,4,8,23.793333333333333,Tidak Ramai
21-05-2024 18:48:23,16,4,14,27.029999999999998,Tidak Ramai
21-05-2024 18:48:24,18,4,6,24.435,Tidak Ramai
21-05-2024 18:48:29,16,4,13,23.723999999999997,Tidak Ramai
21-05-2024 18:48:29,18,2,8,25.784999999999997,Tidak Ramai
21-05-2024 18:48:35,16,2,7,20.426666666666666,Tidak Ramai
21-05-2024 18:48:35,14,4,15,21.4075,Tidak Ramai
21-05-2024 18:48:40,15,4,9,27.4,Tidak Ramai
21-05-2024 18:48:40,13,3,11,19.746666666666666,Tidak Ramai
21-05-2024 18:48:45,14,4,8,28.362500000000004,Tidak Ramai
21-05-2024 18:48:45,12,0,5,14.67,Tidak Ramai
21-05-2024 18:48:51,17,4,9,33.332499999999996,Ramai
21-05-2024 18:48:51,9,0,8,19.04,Tidak Ramai
21-05-2024 18:48:56,18,3,9,33.25750000000001,Ramai
21-05-2024 18:48:56,11,2,6,23.192500000000003,Tidak Ramai
21-05-2024 18:49:02,19,4,10,32.85666666666666,Ramai
21-05-2024 18:49:02,11,1,6,23.035,Tidak Ramai
21-05-2024 18:49:07,18,3,10,29.662499999999998,Tidak Ramai
21-05-2024 18:49:07,11,1,7,22.947499999999998,Tidak Ramai
21-05-2024 18:49:12,17,4,7,27.474999999999998,Tidak Ramai
21-05-2024 18:49:13,10,1,8,17.105,Tidak Ramai
21-05-2024 18:49:17,14,3,8,25.513333333333332,Tidak Ramai
21-05-2024 18:49:18,10,0,4,19.0575,Tidak Ramai
21-05-2024 18:49:22,14,3,7,20.675,Tidak Ramai
21-05-2024 18:49:23,10,0,4,20.34,Tidak Ramai
21-05-2024 18:49:28,10,3,6,14.7425,Tidak Ramai
21-05-2024 18:49:29,9,0,7,20.0675,Tidak Ramai
21-05-2024 18:49:33,11,3,6,15.0075,Tidak Ramai
21-05-2024 18:49:34,9,1,5,19.985,Tidak Ramai
21-05-2024 18:49:38,12,3,7,17.66,Tidak Ramai
21-05-2024 18:49:40,8,0,5,17.54,Tidak Ramai
21-05-2024 18:49:44,10,2,7,17.635,Tidak Ramai
21-05-2024 18:49:45,10,0,4,16.93,Tidak Ramai
21-05-2024 18:49:49,14,1,5,18.8375,Tidak Ramai
21-05-2024 18:49:51,7,0,5,13.9,Tidak Ramai
21-05-2024 18:49:55,13,2,3,17.485,Tidak Ramai
21-05-2024 18:49:56,9,2,7,14.7975,Tidak Ramai
21-05-2024 18:50:00,12,2,7,14.420000000000002,Tidak Ramai
21-05-2024 18:50:01,8,4,8,9.84,Tidak Ramai
21-05-2024 18:50:06,13,4,10,14.5075,Tidak Ramai
21-05-2024 18:50:07,6,2,5,9.375,Tidak Ramai
21-05-2024 18:50:11,12,3,11,14.1525,Tidak Ramai
21-05-2024 18:50:12,7,2,7,10.000000000000002,Tidak Ramai
21-05-2024 18:50:17,11,3,7,13.15,Tidak Ramai
21-05-2024 18:50:18,5,3,10,10.4225,Tidak Ramai
21-05-2024 18:50:22,11,2,10,13.15,Tidak Ramai
21-05-2024 18:50:24,8,2,13,12.103333333333333,Tidak Ramai
21-05-2024 18:50:27,14,2,8,11.703333333333333,Tidak Ramai
21-05-2024 18:50:29,11,2,10,18.21,Tidak Ramai
21-05-2024 18:50:32,12,3,8,11.546666666666667,Tidak Ramai
21-05-2024 18:50:35,14,1,6,24.2425,Tidak Ramai
21-05-2024 18:50:38,8,1,4,16.25,Tidak Ramai
21-05-2024 18:50:40,16,1,5,24.8825,Tidak Ramai
21-05-2024 18:50:43,7,0,2,20.685000000000002,Tidak Ramai
21-05-2024 18:50:45,13,1,2,25.06,Tidak Ramai
21-05-2024 18:50:48,10,0,1,22.21,Tidak Ramai
21-05-2024 18:50:50,15,1,3,27.15,Tidak Ramai
21-05-2024 18:50:53,9,0,1,17.7675,Tidak Ramai
21-05-2024 18:50:56,17,0,5,28.8375,Tidak Ramai
21-05-2024 18:50:59,14,0,2,19.465,Tidak Ramai
21-05-2024 18:51:01,15,0,5,20.822499999999998,Tidak Ramai
21-05-2024 18:51:04,15,1,2,20.075,Tidak Ramai
21-05-2024 18:51:07,11,6,7,15.18,Tidak Ramai
21-05-2024 18:51:09,13,1,2,24.177500000000002,Tidak Ramai
21-05-2024 18:51:12,9,6,10,15.523333333333333,Tidak Ramai
21-05-2024 18:51:15,9,1,4,16.6875,Tidak Ramai
21-05-2024 18:51:17,9,5,9,16.30333333333333,Tidak Ramai
21-05-2024 18:51:21,7,0,4,13.0075,Tidak Ramai
21-05-2024 18:51:22,11,6,9,16.105,Tidak Ramai
21-05-2024 18:51:26,10,0,5,14.4925,Tidak Ramai
21-05-2024 18:51:28,12,5,10,16.3625,Tidak Ramai
21-05-2024 18:51:32,10,0,4,18.1825,Tidak Ramai
21-05-2024 18:51:33,11,4,11,15.1825,Tidak Ramai
21-05-2024 18:51:37,10,0,5,14.309999999999999,Tidak Ramai
21-05-2024 18:51:38,8,3,12,13.754999999999999,Tidak Ramai
21-05-2024 18:51:43,8,1,6,14.9775,Tidak Ramai
21-05-2024 18:51:44,8,2,5,10.524000000000001,Tidak Ramai
21-05-2024 18:51:48,9,1,6,14.0225,Tidak Ramai
21-05-2024 18:51:49,7,2,5,13.9375,Tidak Ramai
21-05-2024 18:51:53,5,1,3,3.942,Tidak Ramai
21-05-2024 18:51:55,7,2,8,15.38,Tidak Ramai
21-05-2024 18:51:59,4,1,3,4.183333333333333,Tidak Ramai
21-05-2024 18:52:00,7,2,11,15.6525,Tidak Ramai
21-05-2024 18:52:04,4,0,2,3.2175000000000002,Tidak Ramai
21-05-2024 18:52:06,7,3,9,14.2925,Tidak Ramai
21-05-2024 18:52:09,4,0,3,3.6125000000000003,Tidak Ramai
21-05-2024 18:52:11,5,1,9,9.700000000000001,Tidak Ramai
21-05-2024 18:52:14,4,0,3,3.965,Tidak Ramai
21-05-2024 18:52:16,5,2,9,6.83,Tidak Ramai
21-05-2024 18:52:19,5,0,3,4.283333333333333,Tidak Ramai
21-05-2024 18:52:22,3,1,3,5.333333333333333,Tidak Ramai
21-05-2024 18:52:24,6,0,6,2.7550000000000003,Tidak Ramai
21-05-2024 18:52:27,3,1,3,6.17,Tidak Ramai
21-05-2024 18:52:30,6,1,8,2.3499999999999996,Tidak Ramai
21-05-2024 18:52:33,3,1,2,6.89,Tidak Ramai
21-05-2024 18:52:35,6,1,8,2.4000000000000004,Tidak Ramai
21-05-2024 18:52:38,3,1,2,8.1325,Tidak Ramai
21-05-2024 18:52:40,6,2,11,2.715,Tidak Ramai
21-05-2024 18:52:44,5,0,2,9.002500000000001,Tidak Ramai
21-05-2024 18:52:45,6,2,10,2.9525,Tidak Ramai
21-05-2024 18:52:50,5,0,2,10.346666666666666,Tidak Ramai
21-05-2024 18:52:51,7,3,13,4.163333333333333,Tidak Ramai
21-05-2024 18:52:55,5,0,3,11.3175,Tidak Ramai
21-05-2024 18:52:56,6,3,8,3.9200000000000004,Tidak Ramai
21-05-2024 18:53:00,16,1,7,25.36,Tidak Ramai
21-05-2024 18:53:01,7,3,8,6.3500000000000005,Tidak Ramai
21-05-2024 18:53:05,13,0,5,21.9375,Tidak Ramai
21-05-2024 18:53:07,12,3,7,12.575,Tidak Ramai
21-05-2024 18:53:11,11,1,6,20.11,Tidak Ramai
21-05-2024 18:53:12,10,5,10,13.1975,Tidak Ramai
21-05-2024 18:53:16,9,1,7,20.98,Tidak Ramai
21-05-2024 18:53:18,9,4,10,16.5275,Tidak Ramai
21-05-2024 18:53:21,9,1,6,21.4675,Tidak Ramai
21-05-2024 18:53:24,8,7,10,22.009999999999998,Tidak Ramai
21-05-2024 18:53:26,9,1,6,21.2725,Tidak Ramai
21-05-2024 18:53:29,8,5,12,24.479999999999997,Tidak Ramai
21-05-2024 18:53:32,11,2,8,25.07,Tidak Ramai
21-05-2024 18:53:35,8,6,11,19.6725,Tidak Ramai
21-05-2024 18:53:37,13,2,6,37.6975,Ramai
21-05-2024 18:53:40,14,3,9,23.46,Tidak Ramai
21-05-2024 18:53:42,13,1,6,38.2775,Ramai
21-05-2024 18:53:46,12,2,9,20.037499999999998,Tidak Ramai
21-05-2024 18:53:48,16,2,6,38.85333333333333,Ramai
21-05-2024 18:53:52,10,2,9,18.240000000000002,Tidak Ramai
21-05-2024 18:53:53,16,2,5,39.94333333333333,Ramai
21-05-2024 18:53:57,10,2,9,17.820000000000004,Tidak Ramai
21-05-2024 18:53:58,16,1,5,37.6425,Ramai
21-05-2024 18:54:02,11,2,10,17.9375,Tidak Ramai
21-05-2024 18:54:04,12,0,6,34.7175,Ramai
21-05-2024 18:54:07,8,2,13,17.5375,Tidak Ramai
21-05-2024 18:54:09,11,1,9,25.33,Tidak Ramai
21-05-2024 18:54:13,9,2,11,14.869999999999997,Tidak Ramai
21-05-2024 18:54:14,11,1,11,13.146666666666667,Tidak Ramai
21-05-2024 18:54:18,9,3,7,6.506666666666667,Tidak Ramai
21-05-2024 18:54:19,10,3,9,13.317499999999999,Tidak Ramai
21-05-2024 18:54:23,12,4,7,6.715,Tidak Ramai
21-05-2024 18:54:24,10,4,9,15.21,Tidak Ramai
21-05-2024 18:54:29,11,4,8,5.8100000000000005,Tidak Ramai
21-05-2024 18:54:30,10,4,8,15.5975,Tidak Ramai
21-05-2024 18:54:34,13,3,9,6.807499999999999,Tidak Ramai
21-05-2024 18:54:35,8,4,9,17.09,Tidak Ramai
21-05-2024 18:54:40,11,4,10,7.512499999999999,Tidak Ramai
21-05-2024 18:54:42,7,4,9,15.7325,Tidak Ramai
21-05-2024 18:54:46,9,3,11,7.075,Tidak Ramai
21-05-2024 18:54:47,9,2,8,16.525,Tidak Ramai
21-05-2024 18:54:51,9,4,11,10.986666666666666,Tidak Ramai
21-05-2024 18:54:52,14,1,10,20.006666666666664,Tidak Ramai
21-05-2024 18:54:56,7,6,16,19.6825,Tidak Ramai
21-05-2024 18:54:58,10,1,9,19.7875,Tidak Ramai
21-05-2024 18:55:01,7,4,11,19.54,Tidak Ramai
21-05-2024 18:55:03,9,0,14,21.11,Tidak Ramai
21-05-2024 18:55:07,7,4,10,19.05,Tidak Ramai
21-05-2024 18:55:08,7,0,10,18.922,Tidak Ramai
21-05-2024 18:55:12,6,6,12,20.65,Tidak Ramai
21-05-2024 18:55:14,6,2,13,19.0225,Tidak Ramai
21-05-2024 18:55:18,8,4,14,22.2825,Tidak Ramai
21-05-2024 18:55:19,7,4,15,19.18,Tidak Ramai
21-05-2024 18:55:24,8,4,9,20.675,Tidak Ramai
21-05-2024 18:55:24,9,2,8,14.929999999999998,Tidak Ramai
21-05-2024 18:55:29,10,1,4,16.668,Tidak Ramai
21-05-2024 18:55:30,12,1,4,16.115,Tidak Ramai
21-05-2024 18:55:34,7,1,3,7.7475,Tidak Ramai
21-05-2024 18:55:36,8,1,4,10.97,Tidak Ramai
21-05-2024 18:55:40,7,1,4,6.39,Tidak Ramai
21-05-2024 18:55:42,6,1,3,9.666666666666666,Tidak Ramai
21-05-2024 18:55:45,6,1,6,6.83,Tidak Ramai
21-05-2024 18:55:47,7,2,4,10.174999999999999,Tidak Ramai
21-05-2024 18:55:51,5,1,6,7.6499999999999995,Tidak Ramai
21-05-2024 18:55:53,7,3,2,10.63,Tidak Ramai
21-05-2024 18:55:56,6,1,7,9.166666666666666,Tidak Ramai
21-05-2024 18:55:58,9,4,5,11.58,Tidak Ramai
21-05-2024 18:56:02,10,1,6,13.063999999999998,Tidak Ramai
21-05-2024 18:56:04,13,4,5,8.4525,Tidak Ramai
21-05-2024 18:56:07,10,2,5,15.115,Tidak Ramai
21-05-2024 18:56:09,13,4,5,8.645,Tidak Ramai
21-05-2024 18:56:12,10,2,6,17.055,Tidak Ramai
21-05-2024 18:56:14,14,2,6,10.0275,Tidak Ramai
21-05-2024 18:56:18,13,2,6,19.488,Tidak Ramai
21-05-2024 18:56:19,11,1,5,11.072000000000001,Tidak Ramai
21-05-2024 18:56:23,15,2,5,22.04,Tidak Ramai
21-05-2024 18:56:25,9,0,6,12.504999999999999,Tidak Ramai
21-05-2024 18:56:28,14,2,5,25.005,Tidak Ramai
21-05-2024 18:56:30,11,3,6,15.51,Tidak Ramai
21-05-2024 18:56:34,13,6,10,19.4,Tidak Ramai
21-05-2024 18:56:36,13,4,8,23.464,Tidak Ramai
21-05-2024 18:56:39,15,5,6,23.4225,Tidak Ramai
21-05-2024 18:56:41,11,3,8,22.82,Tidak Ramai
21-05-2024 18:56:45,14,4,8,21.159999999999997,Tidak Ramai
21-05-2024 18:56:47,8,4,9,26.348000000000003,Tidak Ramai
21-05-2024 18:56:50,16,2,11,19.445,Tidak Ramai
21-05-2024 18:56:52,7,2,8,26.3025,Tidak Ramai
21-05-2024 18:56:56,14,3,10,22.648000000000003,Tidak Ramai
21-05-2024 18:56:58,6,2,8,25.1725,Tidak Ramai
21-05-2024 18:57:01,12,2,6,20.2875,Tidak Ramai
21-05-2024 18:57:03,7,1,5,21.545,Tidak Ramai
21-05-2024 18:57:07,9,1,2,13.975,Tidak Ramai
21-05-2024 18:57:08,9,1,2,13.975,Tidak Ramai
21-05-2024 18:57:13,9,1,3,14.290000000000001,Tidak Ramai
21-05-2024 18:57:14,9,1,3,14.290000000000001,Tidak Ramai
21-05-2024 18:57:18,9,0,2,15.9625,Tidak Ramai
21-05-2024 18:57:19,9,0,2,15.9625,Tidak Ramai
21-05-2024 18:57:24,9,0,4,17.027500000000003,Tidak Ramai
21-05-2024 18:57:24,9,0,4,17.21666666666667,Tidak Ramai
21-05-2024 18:57:29,8,0,2,16.656666666666666,Tidak Ramai
21-05-2024 18:57:30,8,0,3,16.7225,Tidak Ramai
21-05-2024 18:57:35,8,1,2,17.090000000000003,Tidak Ramai
21-05-2024 18:57:35,8,1,2,16.9,Tidak Ramai
21-05-2024 18:57:40,8,1,4,15.399999999999999,Tidak Ramai
21-05-2024 18:57:41,8,0,4,9.6175,Tidak Ramai
21-05-2024 18:57:45,9,1,5,15.774999999999999,Tidak Ramai
21-05-2024 18:57:46,10,0,6,8.66,Tidak Ramai
21-05-2024 18:57:51,7,1,4,12.1,Tidak Ramai
21-05-2024 18:57:51,12,1,9,10.2575,Tidak Ramai
21-05-2024 18:57:56,6,2,3,5.4325,Tidak Ramai
21-05-2024 18:57:57,13,2,10,11.295,Tidak Ramai
21-05-2024 18:58:01,5,0,4,5.1850000000000005,Tidak Ramai
21-05-2024 18:58:02,7,2,10,12.8825,Tidak Ramai
21-05-2024 18:58:06,5,0,3,5.1775,Tidak Ramai
21-05-2024 18:58:09,10,2,6,14.5075,Tidak Ramai
21-05-2024 18:58:12,7,0,6,6.529999999999999,Tidak Ramai
21-05-2024 18:58:14,8,1,7,11.466666666666667,Tidak Ramai
21-05-2024 18:58:17,5,1,5,4.8100000000000005,Tidak Ramai
21-05-2024 18:58:20,4,1,5,4.5175,Tidak Ramai
21-05-2024 18:58:22,3,1,6,5.055,Tidak Ramai
21-05-2024 18:58:25,2,2,6,4.2775,Tidak Ramai
21-05-2024 18:58:28,2,2,7,5.426666666666667,Tidak Ramai
21-05-2024 18:58:30,3,2,7,6.283333333333334,Tidak Ramai
21-05-2024 18:58:33,4,2,7,6.15,Tidak Ramai
21-05-2024 18:58:35,4,1,8,4.2925,Tidak Ramai
21-05-2024 18:58:38,4,1,8,3.8949999999999996,Tidak Ramai
21-05-2024 18:58:40,5,1,6,3.7475000000000005,Tidak Ramai
21-05-2024 18:58:43,6,2,7,4.1025,Tidak Ramai
21-05-2024 18:58:45,6,3,7,4.4,Tidak Ramai
21-05-2024 18:58:49,6,2,7,5.764,Tidak Ramai
21-05-2024 18:58:51,5,2,7,8.22,Tidak Ramai
21-05-2024 18:58:54,5,2,3,12.079999999999998,Tidak Ramai
21-05-2024 18:58:56,6,2,3,12.107499999999998,Tidak Ramai
21-05-2024 18:59:00,7,1,2,13.508000000000001,Tidak Ramai
21-05-2024 18:59:01,7,1,2,13.587499999999999,Tidak Ramai
21-05-2024 18:59:05,6,1,3,13.4525,Tidak Ramai
21-05-2024 18:59:07,6,1,3,9.462499999999999,Tidak Ramai
21-05-2024 18:59:11,6,1,3,8.315,Tidak Ramai
21-05-2024 18:59:12,5,1,4,8.4575,Tidak Ramai
21-05-2024 18:59:16,7,1,2,14.260000000000002,Tidak Ramai
21-05-2024 18:59:17,6,1,2,14.307500000000001,Tidak Ramai
21-05-2024 18:59:21,6,0,2,9.205,Tidak Ramai
21-05-2024 18:59:23,6,0,2,9.41,Tidak Ramai
21-05-2024 18:59:27,5,0,2,14.165,Tidak Ramai
21-05-2024 18:59:28,5,0,2,14.165,Tidak Ramai
21-05-2024 18:59:33,6,0,2,13.467999999999998,Tidak Ramai
21-05-2024 18:59:33,6,0,2,13.514999999999999,Tidak Ramai
21-05-2024 18:59:38,10,0,3,14.0275,Tidak Ramai
21-05-2024 18:59:39,9,0,2,13.6525,Tidak Ramai
21-05-2024 18:59:43,12,0,3,17.093333333333334,Tidak Ramai
21-05-2024 18:59:44,12,0,3,16.395,Tidak Ramai
21-05-2024 18:59:49,16,0,4,23.275,Tidak Ramai
21-05-2024 18:59:49,16,0,4,23.275,Tidak Ramai
21-05-2024 19:20:48,9,3,12,11.09,Tidak Ramai
21-05-2024 19:20:53,9,0,11,11.282,Tidak Ramai
21-05-2024 19:20:58,8,2,13,12.0125,Tidak Ramai
21-05-2024 19:21:02,12,1,9,13.67,Tidak Ramai
21-05-2024 19:21:03,9,4,11,11.825999999999999,Tidak Ramai
21-05-2024 19:21:08,12,1,7,15.536666666666667,Tidak Ramai
21-05-2024 19:21:09,10,2,10,12.3775,Tidak Ramai
21-05-2024 19:21:13,13,0,6,16.5725,Tidak Ramai
21-05-2024 19:21:15,9,4,10,13.14,Tidak Ramai
21-05-2024 19:21:18,12,0,5,16.566666666666666,Tidak Ramai
21-05-2024 19:21:20,7,5,9,11.642499999999998,Tidak Ramai
21-05-2024 19:21:23,14,0,6,19.4225,Tidak Ramai
21-05-2024 19:21:26,7,4,8,11.9925,Tidak Ramai
21-05-2024 19:21:28,14,0,4,18.9225,Tidak Ramai
21-05-2024 19:21:31,8,4,8,12.98,Tidak Ramai
21-05-2024 19:21:33,14,1,4,21.6025,Tidak Ramai
21-05-2024 19:21:36,6,4,9,12.133333333333333,Tidak Ramai
21-05-2024 19:21:39,12,2,3,20.483333333333334,Tidak Ramai
21-05-2024 19:21:41,6,4,11,14.027499999999998,Tidak Ramai
21-05-2024 19:21:44,15,2,3,21.847499999999997,Tidak Ramai
21-05-2024 19:21:46,6,5,12,14.886666666666665,Tidak Ramai
21-05-2024 19:21:49,12,2,3,22.513333333333335,Tidak Ramai
21-05-2024 19:21:51,8,2,11,13.645,Tidak Ramai
21-05-2024 19:21:55,14,2,3,22.89,Tidak Ramai
21-05-2024 19:21:57,9,3,11,14.216666666666667,Tidak Ramai
21-05-2024 19:22:00,12,2,4,24.025000000000002,Tidak Ramai
21-05-2024 19:22:02,8,0,8,22.365000000000002,Tidak Ramai
21-05-2024 19:22:05,16,1,4,24.22666666666667,Tidak Ramai
21-05-2024 19:22:07,10,0,5,22.389999999999997,Tidak Ramai
21-05-2024 19:22:11,15,2,2,24.3775,Tidak Ramai
21-05-2024 19:22:13,10,0,5,22.2075,Tidak Ramai
21-05-2024 19:22:16,15,1,4,19.4875,Tidak Ramai
21-05-2024 19:22:18,6,0,3,20.675,Tidak Ramai
21-05-2024 19:22:21,9,1,6,12.82,Tidak Ramai
21-05-2024 19:22:24,5,1,4,18.732,Tidak Ramai
21-05-2024 19:22:27,8,1,4,12.2975,Tidak Ramai
21-05-2024 19:22:29,4,1,3,14.837499999999999,Tidak Ramai
21-05-2024 19:22:32,9,1,5,12.715,Tidak Ramai
21-05-2024 19:22:34,8,0,8,12.037500000000001,Tidak Ramai
21-05-2024 19:22:37,7,1,3,9.362499999999999,Tidak Ramai
21-05-2024 19:22:40,9,0,7,6.3475,Tidak Ramai
21-05-2024 19:22:42,6,1,3,4.99,Tidak Ramai
21-05-2024 19:22:45,6,1,7,14.0325,Tidak Ramai
21-05-2024 19:22:48,9,1,2,6.454999999999999,Tidak Ramai
21-05-2024 19:22:50,5,1,5,7.176666666666667,Tidak Ramai
21-05-2024 19:22:54,10,2,15,21.9125,Tidak Ramai
21-05-2024 19:22:55,4,2,8,10.465,Tidak Ramai
21-05-2024 19:22:59,9,2,12,21.0425,Tidak Ramai
21-05-2024 19:23:01,6,2,10,15.6,Tidak Ramai
21-05-2024 19:23:04,10,3,7,20.255,Tidak Ramai
21-05-2024 19:23:06,6,2,11,11.6775,Tidak Ramai
21-05-2024 19:23:09,9,2,9,21.78,Tidak Ramai
21-05-2024 19:23:11,9,2,8,10.0525,Tidak Ramai
21-05-2024 19:23:15,7,2,10,22.38,Tidak Ramai
21-05-2024 19:23:17,6,1,6,10.387500000000001,Tidak Ramai
21-05-2024 19:23:20,8,3,10,19.838,Tidak Ramai
21-05-2024 19:23:22,10,2,4,12.002499999999998,Tidak Ramai
21-05-2024 19:23:25,7,2,6,16.93,Tidak Ramai
21-05-2024 19:23:27,6,1,6,11.4925,Tidak Ramai
21-05-2024 19:23:31,7,2,5,18.17,Tidak Ramai
21-05-2024 19:23:33,4,2,9,9.9075,Tidak Ramai
21-05-2024 19:23:36,5,3,4,12.705,Tidak Ramai
21-05-2024 19:23:38,4,2,7,10.717500000000001,Tidak Ramai
21-05-2024 19:23:42,6,3,5,16.830000000000002,Tidak Ramai
21-05-2024 19:23:43,8,2,9,11.573333333333332,Tidak Ramai
21-05-2024 19:23:47,6,4,7,22.925,Tidak Ramai
21-05-2024 19:23:48,8,2,9,14.6525,Tidak Ramai
21-05-2024 19:23:52,5,2,8,23.899999999999995,Tidak Ramai
21-05-2024 19:23:54,6,3,10,12.893333333333333,Tidak Ramai
21-05-2024 19:23:58,5,2,5,18.5975,Tidak Ramai
21-05-2024 19:24:00,8,3,9,12.655,Tidak Ramai
21-05-2024 19:24:04,6,2,4,18.66,Tidak Ramai
21-05-2024 19:24:05,9,3,9,13.43,Tidak Ramai
21-05-2024 19:24:09,10,1,3,22.258,Tidak Ramai
21-05-2024 19:24:10,11,3,9,14.129999999999999,Tidak Ramai
21-05-2024 19:24:15,10,0,3,22.50666666666667,Tidak Ramai
21-05-2024 19:24:15,9,3,7,13.91,Tidak Ramai
21-05-2024 19:24:21,12,1,2,23.5675,Tidak Ramai
21-05-2024 19:24:21,10,2,6,14.34,Tidak Ramai
21-05-2024 19:24:26,14,0,1,21.025,Tidak Ramai
21-05-2024 19:24:26,10,3,8,14.455,Tidak Ramai
21-05-2024 19:24:32,15,1,2,23.032,Tidak Ramai
21-05-2024 19:24:32,15,1,7,18.79,Tidak Ramai
21-05-2024 19:24:37,13,1,3,23.4225,Tidak Ramai
21-05-2024 19:24:37,15,1,9,24.095,Tidak Ramai
21-05-2024 19:24:44,11,1,2,20.158,Tidak Ramai
21-05-2024 19:24:44,16,0,6,28.255,Tidak Ramai
21-05-2024 19:24:49,17,0,6,27.666666666666668,Tidak Ramai
21-05-2024 19:24:49,10,1,2,21.476666666666663,Tidak Ramai
21-05-2024 19:24:54,15,0,6,25.736666666666665,Tidak Ramai
21-05-2024 19:24:55,11,0,3,19.733333333333334,Tidak Ramai
21-05-2024 19:24:59,11,1,7,19.295,Tidak Ramai
21-05-2024 19:25:00,5,0,2,6.657500000000001,Tidak Ramai
21-05-2024 19:25:06,9,1,8,17.848,Tidak Ramai
21-05-2024 19:25:06,5,1,2,4.118,Tidak Ramai
21-05-2024 19:25:12,9,2,9,18.648000000000003,Tidak Ramai
21-05-2024 19:25:13,4,1,2,3.774,Tidak Ramai
21-05-2024 19:25:18,4,1,4,4.7325,Tidak Ramai
21-05-2024 19:25:19,8,4,7,17.767500000000002,Tidak Ramai
21-05-2024 19:25:23,3,0,3,4.235,Tidak Ramai
21-05-2024 19:25:24,8,2,6,12.5025,Tidak Ramai
21-05-2024 19:25:28,3,0,3,4.585,Tidak Ramai
21-05-2024 19:25:29,7,1,7,6.51,Tidak Ramai
21-05-2024 19:25:34,8,2,4,6.956666666666667,Tidak Ramai
21-05-2024 19:25:34,3,0,2,4.5375,Tidak Ramai
21-05-2024 19:25:39,9,1,3,7.5600000000000005,Tidak Ramai
21-05-2024 19:25:40,5,2,6,8.0725,Tidak Ramai
21-05-2024 19:25:45,8,2,5,8.7775,Tidak Ramai
21-05-2024 19:25:45,9,3,8,10.9375,Tidak Ramai
21-05-2024 19:25:50,9,2,5,10.012500000000001,Tidak Ramai
21-05-2024 19:25:51,6,3,13,9.1175,Tidak Ramai
21-05-2024 19:25:56,9,3,4,11.1175,Tidak Ramai
21-05-2024 19:25:56,6,4,13,8.2625,Tidak Ramai
21-05-2024 19:26:01,6,2,7,9.365000000000002,Tidak Ramai
21-05-2024 19:26:02,6,4,13,7.507499999999999,Tidak Ramai
21-05-2024 19:26:07,4,1,6,7.8525,Tidak Ramai
21-05-2024 19:26:07,7,4,14,8.28,Tidak Ramai
21-05-2024 19:26:12,4,2,6,7.683333333333334,Tidak Ramai
21-05-2024 19:26:13,8,4,9,8.1425,Tidak Ramai
21-05-2024 19:26:18,4,2,7,8.3225,Tidak Ramai
21-05-2024 19:26:18,8,3,8,9.3325,Tidak Ramai
21-05-2024 19:26:23,3,0,6,8.4425,Tidak Ramai
21-05-2024 19:26:24,6,3,9,9.55,Tidak Ramai
21-05-2024 19:26:29,3,1,6,9.3775,Tidak Ramai
21-05-2024 19:26:29,7,3,9,10.136666666666665,Tidak Ramai
21-05-2024 19:26:34,4,0,5,10.103333333333333,Tidak Ramai
21-05-2024 19:26:35,7,4,10,11.8325,Tidak Ramai
21-05-2024 19:26:39,9,3,8,10.049999999999999,Tidak Ramai
21-05-2024 19:26:40,7,3,7,12.656666666666666,Tidak Ramai
21-05-2024 19:26:45,10,4,11,9.353333333333333,Tidak Ramai
21-05-2024 19:26:45,10,2,4,12.84,Tidak Ramai
21-05-2024 19:26:51,11,3,5,13.793333333333335,Tidak Ramai
21-05-2024 19:26:51,8,4,10,8.67,Tidak Ramai
21-05-2024 19:26:56,11,2,6,16.84,Tidak Ramai
21-05-2024 19:26:56,4,3,11,8.807500000000001,Tidak Ramai
21-05-2024 19:27:01,10,2,11,18.5175,Tidak Ramai
21-05-2024 19:27:01,6,5,12,9.835,Tidak Ramai
21-05-2024 19:27:06,8,2,11,13.19,Tidak Ramai
21-05-2024 19:27:07,7,4,14,11.192499999999999,Tidak Ramai
21-05-2024 19:27:12,8,3,11,19.98,Tidak Ramai
21-05-2024 19:27:12,8,3,13,10.887500000000001,Tidak Ramai
21-05-2024 19:27:17,9,5,9,20.845,Tidak Ramai
21-05-2024 19:27:17,9,1,5,7.3475,Tidak Ramai
21-05-2024 19:27:22,8,3,10,21.2175,Tidak Ramai
21-05-2024 19:27:23,10,2,5,8.3475,Tidak Ramai
21-05-2024 19:27:28,7,3,12,20.872500000000002,Tidak Ramai
21-05-2024 19:27:28,9,2,7,9.02,Tidak Ramai
21-05-2024 19:27:33,8,3,10,13.1025,Tidak Ramai
21-05-2024 19:27:33,8,2,8,9.195,Tidak Ramai
21-05-2024 19:27:38,9,2,6,13.430000000000001,Tidak Ramai
21-05-2024 19:27:38,10,0,6,9.129999999999999,Tidak Ramai
21-05-2024 19:27:43,8,2,6,14.125,Tidak Ramai
21-05-2024 19:27:44,10,0,3,10.5375,Tidak Ramai
21-05-2024 19:27:49,6,3,5,15.35,Tidak Ramai
21-05-2024 19:27:50,8,6,10,20.5875,Tidak Ramai
21-05-2024 19:27:54,7,2,10,15.7525,Tidak Ramai
21-05-2024 19:27:55,9,7,13,22.2,Tidak Ramai
21-05-2024 19:28:01,8,6,12,22.9525,Tidak Ramai
21-05-2024 19:28:01,7,3,8,15.862499999999999,Tidak Ramai
21-05-2024 19:28:06,6,2,6,15.125,Tidak Ramai
21-05-2024 19:28:07,9,5,13,23.817500000000003,Tidak Ramai
21-05-2024 19:28:13,8,2,6,18.94333333333333,Tidak Ramai
21-05-2024 19:28:13,10,4,12,23.003333333333334,Tidak Ramai
21-05-2024 19:28:18,9,1,5,20.753333333333334,Tidak Ramai
21-05-2024 19:28:18,7,4,12,21.98,Tidak Ramai
21-05-2024 19:28:23,8,2,7,20.970000000000002,Tidak Ramai
21-05-2024 19:28:23,7,4,12,22.723333333333333,Tidak Ramai
21-05-2024 19:28:29,7,5,13,24.439999999999998,Tidak Ramai
21-05-2024 19:28:29,8,2,9,20.655,Tidak Ramai
21-05-2024 19:28:35,7,1,8,18.9425,Tidak Ramai
21-05-2024 19:28:35,8,4,13,22.786666666666665,Tidak Ramai
21-05-2024 19:28:40,11,4,11,22.150000000000002,Tidak Ramai
21-05-2024 19:28:40,6,2,10,19.32,Tidak Ramai
21-05-2024 19:28:45,9,2,7,18.192500000000003,Tidak Ramai
21-05-2024 19:28:46,7,1,6,21.650000000000002,Tidak Ramai
21-05-2024 19:28:51,10,2,6,18.07,Tidak Ramai
21-05-2024 19:28:51,5,2,4,19.705,Tidak Ramai
21-05-2024 19:28:57,9,2,6,19.1625,Tidak Ramai
21-05-2024 19:28:57,5,3,5,22.2,Tidak Ramai
21-05-2024 19:29:02,8,2,8,19.47,Tidak Ramai
21-05-2024 19:29:02,5,1,3,17.776666666666667,Tidak Ramai
21-05-2024 19:29:07,8,2,8,18.903333333333332,Tidak Ramai
21-05-2024 19:29:07,1,1,3,3.9466666666666668,Tidak Ramai
21-05-2024 19:29:12,2,1,3,2.966666666666667,Tidak Ramai
21-05-2024 19:29:13,8,3,9,18.99,Tidak Ramai
21-05-2024 19:29:18,2,1,3,3.8149999999999995,Tidak Ramai
21-05-2024 19:29:18,8,4,10,19.196666666666665,Tidak Ramai
21-05-2024 19:29:23,2,1,6,7.575,Tidak Ramai
21-05-2024 19:29:23,8,3,9,20.185000000000002,Tidak Ramai
21-05-2024 19:29:28,2,2,7,3.5774999999999997,Tidak Ramai
21-05-2024 19:29:29,5,5,12,14.434999999999999,Tidak Ramai
21-05-2024 19:29:33,3,2,8,6.969999999999999,Tidak Ramai
21-05-2024 19:29:34,5,5,16,11.435,Tidak Ramai
21-05-2024 19:29:39,3,1,7,3.9524999999999997,Tidak Ramai
21-05-2024 19:29:40,5,5,18,12.940000000000001,Tidak Ramai
21-05-2024 19:29:45,5,1,8,15.3025,Tidak Ramai
21-05-2024 19:29:45,4,5,14,9.806666666666667,Tidak Ramai
21-05-2024 19:29:50,6,2,7,12.245000000000001,Tidak Ramai
21-05-2024 19:29:51,4,4,15,10.8325,Tidak Ramai
21-05-2024 19:29:55,9,3,6,6.555,Tidak Ramai
21-05-2024 19:29:56,5,3,15,8.823333333333332,Tidak Ramai
21-05-2024 19:30:00,7,2,7,5.17,Tidak Ramai
21-05-2024 19:30:01,4,3,15,8.12,Tidak Ramai
21-05-2024 19:30:06,7,2,5,4.4350000000000005,Tidak Ramai
21-05-2024 19:30:06,12,1,5,10.254999999999999,Tidak Ramai
21-05-2024 19:30:11,6,3,5,4.053333333333334,Tidak Ramai
21-05-2024 19:30:12,12,1,5,12.01,Tidak Ramai
21-05-2024 19:30:17,8,2,6,5.345000000000001,Tidak Ramai
21-05-2024 19:30:17,12,2,6,11.963333333333333,Tidak Ramai
21-05-2024 19:30:22,7,2,3,12.462499999999999,Tidak Ramai
21-05-2024 19:30:22,12,2,5,13.35,Tidak Ramai
21-05-2024 19:30:27,8,2,1,22.346666666666664,Tidak Ramai
21-05-2024 19:30:28,13,4,3,14.143333333333336,Tidak Ramai
21-05-2024 19:30:33,10,1,1,22.8025,Tidak Ramai
21-05-2024 19:30:33,14,2,3,13.575,Tidak Ramai
21-05-2024 19:30:38,9,1,1,21.32,Tidak Ramai
21-05-2024 19:30:39,15,1,3,13.116666666666667,Tidak Ramai
21-05-2024 19:30:43,9,0,1,17.493333333333332,Tidak Ramai
21-05-2024 19:30:44,13,3,8,20.035,Tidak Ramai
21-05-2024 19:30:49,7,0,0,17.189999999999998,Tidak Ramai
21-05-2024 19:30:49,13,3,6,21.225,Tidak Ramai
21-05-2024 19:30:54,6,0,0,12.99,Tidak Ramai
21-05-2024 19:30:54,12,3,7,20.573333333333334,Tidak Ramai
21-05-2024 19:31:00,13,3,8,19.253333333333334,Tidak Ramai
21-05-2024 19:31:00,9,0,6,12.84,Tidak Ramai
21-05-2024 19:31:06,12,2,6,19.5275,Tidak Ramai
21-05-2024 19:31:06,10,1,7,15.085,Tidak Ramai
21-05-2024 19:31:11,10,2,8,20.12,Tidak Ramai
21-05-2024 19:31:12,9,1,5,14.793333333333331,Tidak Ramai
21-05-2024 19:31:17,12,2,8,22.0325,Tidak Ramai
21-05-2024 19:31:17,8,1,5,15.916666666666666,Tidak Ramai
21-05-2024 19:31:23,11,1,4,14.615,Tidak Ramai
21-05-2024 19:31:23,8,1,6,16.28,Tidak Ramai
21-05-2024 19:31:28,12,1,3,6.753333333333334,Tidak Ramai
21-05-2024 19:31:28,7,1,5,16.650000000000002,Tidak Ramai
21-05-2024 19:31:34,7,1,6,15.0,Tidak Ramai
21-05-2024 19:31:34,10,1,5,6.6000000000000005,Tidak Ramai
21-05-2024 19:31:40,11,1,5,6.9,Tidak Ramai
21-05-2024 19:31:40,8,2,6,17.4525,Tidak Ramai
21-05-2024 19:31:45,13,1,4,6.9825,Tidak Ramai
21-05-2024 19:31:45,8,3,4,15.22,Tidak Ramai
21-05-2024 19:31:50,9,1,4,7.646666666666667,Tidak Ramai
21-05-2024 19:31:51,5,1,3,9.5425,Tidak Ramai
21-05-2024 19:31:55,9,0,5,6.8975,Tidak Ramai
21-05-2024 19:31:56,4,0,2,2.2425,Tidak Ramai
21-05-2024 19:32:00,7,0,4,6.72,Tidak Ramai
21-05-2024 19:32:02,6,0,3,2.8525,Tidak Ramai
21-05-2024 19:32:06,8,0,2,6.986666666666667,Tidak Ramai
21-05-2024 19:32:07,6,0,4,3.3466666666666662,Tidak Ramai
21-05-2024 19:32:11,10,1,6,14.399999999999999,Tidak Ramai
21-05-2024 19:32:12,6,0,4,3.7849999999999997,Tidak Ramai
21-05-2024 19:32:16,9,3,12,21.025,Tidak Ramai
21-05-2024 19:32:18,6,0,6,4.325,Tidak Ramai
21-05-2024 19:32:21,8,3,14,22.516666666666666,Tidak Ramai
21-05-2024 19:32:24,8,2,5,5.115,Tidak Ramai
21-05-2024 19:32:27,6,3,14,19.1825,Tidak Ramai
21-05-2024 19:32:30,6,1,9,19.995,Tidak Ramai
21-05-2024 19:32:32,7,4,16,24.340000000000003,Tidak Ramai
21-05-2024 19:32:35,7,1,11,22.66,Tidak Ramai
21-05-2024 19:32:38,7,3,13,19.2275,Tidak Ramai
21-05-2024 19:32:40,10,2,14,18.9675,Tidak Ramai
21-05-2024 19:32:43,7,4,12,23.112499999999997,Tidak Ramai
21-05-2024 19:32:45,9,2,13,14.76,Tidak Ramai
21-05-2024 19:32:48,8,2,6,9.683333333333332,Tidak Ramai
21-05-2024 19:32:51,6,2,13,14.7975,Tidak Ramai
21-05-2024 19:32:54,9,1,7,8.98,Tidak Ramai
21-05-2024 19:32:56,5,2,15,16.48,Tidak Ramai
21-05-2024 19:32:59,8,1,5,6.8025,Tidak Ramai
21-05-2024 19:33:02,5,2,17,17.515,Tidak Ramai
21-05-2024 19:33:04,9,0,2,4.153333333333333,Tidak Ramai
21-05-2024 19:33:07,17,1,8,10.62,Tidak Ramai
21-05-2024 19:33:10,8,2,4,5.470000000000001,Tidak Ramai
21-05-2024 19:33:12,16,0,10,10.5825,Tidak Ramai
21-05-2024 19:33:15,7,0,3,5.0975,Tidak Ramai
21-05-2024 19:33:18,15,2,10,10.565,Tidak Ramai
21-05-2024 19:33:22,6,1,4,5.6499999999999995,Tidak Ramai
21-05-2024 19:33:23,12,1,13,12.065,Tidak Ramai
21-05-2024 19:33:27,9,1,3,7.8066666666666675,Tidak Ramai
21-05-2024 19:33:29,12,2,13,14.053333333333333,Tidak Ramai
21-05-2024 19:33:33,10,1,2,9.7175,Tidak Ramai
21-05-2024 19:33:34,13,2,11,14.205,Tidak Ramai
21-05-2024 19:33:38,7,1,3,7.397500000000001,Tidak Ramai
21-05-2024 19:33:39,13,3,12,18.376666666666665,Tidak Ramai
21-05-2024 19:33:44,7,2,4,11.129999999999999,Tidak Ramai
21-05-2024 19:33:44,11,4,15,19.58,Tidak Ramai
21-05-2024 19:33:49,8,1,4,17.91333333333333,Tidak Ramai
21-05-2024 19:33:49,10,6,13,19.703333333333333,Tidak Ramai
21-05-2024 19:33:54,8,2,5,17.115,Tidak Ramai
21-05-2024 19:33:55,10,5,14,21.862499999999997,Tidak Ramai
21-05-2024 19:33:59,7,3,8,12.81,Tidak Ramai
21-05-2024 19:34:00,12,4,14,23.2225,Tidak Ramai
21-05-2024 19:34:05,7,2,8,8.306666666666667,Tidak Ramai
21-05-2024 19:34:06,10,4,9,21.9525,Tidak Ramai
21-05-2024 19:34:10,11,2,7,10.1125,Tidak Ramai
21-05-2024 19:34:11,13,5,8,21.435000000000002,Tidak Ramai
21-05-2024 19:34:16,10,3,5,9.334999999999999,Tidak Ramai
21-05-2024 19:34:17,16,3,8,21.400000000000002,Tidak Ramai
21-05-2024 19:34:21,9,0,4,6.935,Tidak Ramai
21-05-2024 19:34:22,17,0,6,22.615000000000002,Tidak Ramai
21-05-2024 19:34:27,9,0,5,7.8500000000000005,Tidak Ramai
21-05-2024 19:34:27,15,0,7,23.215000000000003,Tidak Ramai
21-05-2024 19:34:32,9,0,7,8.14,Tidak Ramai
21-05-2024 19:34:33,16,0,6,24.0425,Tidak Ramai
21-05-2024 19:34:39,15,0,4,26.32,Tidak Ramai
21-05-2024 19:34:39,7,0,5,7.4433333333333325,Tidak Ramai
21-05-2024 19:34:44,13,0,5,27.372500000000002,Tidak Ramai
21-05-2024 19:34:44,13,1,3,17.9875,Tidak Ramai
21-05-2024 19:34:50,17,1,2,22.655,Tidak Ramai
21-05-2024 19:34:50,15,1,6,26.294999999999998,Tidak Ramai
21-05-2024 19:34:56,11,4,7,26.48,Tidak Ramai
21-05-2024 19:34:56,14,0,4,16.08666666666667,Tidak Ramai
21-05-2024 19:35:01,11,2,7,26.8775,Tidak Ramai
21-05-2024 19:35:01,14,0,4,17.5475,Tidak Ramai
21-05-2024 19:35:06,15,2,8,27.979999999999997,Tidak Ramai
21-05-2024 19:35:06,12,0,6,18.73,Tidak Ramai
21-05-2024 19:35:12,12,0,6,20.5175,Tidak Ramai
21-05-2024 19:35:12,15,2,9,27.8975,Tidak Ramai
21-05-2024 19:35:17,14,2,8,27.9675,Tidak Ramai
21-05-2024 19:35:17,14,1,5,20.896666666666665,Tidak Ramai
21-05-2024 19:35:23,11,3,8,23.715000000000003,Tidak Ramai
21-05-2024 19:35:23,17,2,6,23.6575,Tidak Ramai
21-05-2024 19:35:28,10,2,8,23.043333333333333,Tidak Ramai
21-05-2024 19:35:28,16,1,9,23.835,Tidak Ramai
21-05-2024 19:35:33,16,2,7,23.936666666666667,Tidak Ramai
21-05-2024 19:35:34,14,1,3,13.383333333333333,Tidak Ramai
21-05-2024 19:35:39,14,1,7,24.076666666666668,Tidak Ramai
21-05-2024 19:35:39,13,1,2,12.18,Tidak Ramai
21-05-2024 19:35:44,13,2,10,26.3825,Tidak Ramai
21-05-2024 19:35:45,9,1,4,11.084999999999999,Tidak Ramai
21-05-2024 19:35:49,11,2,11,27.47666666666667,Tidak Ramai
21-05-2024 19:35:50,8,1,2,10.764999999999999,Tidak Ramai
21-05-2024 19:35:55,12,0,12,29.4375,Tidak Ramai
21-05-2024 19:35:55,11,1,4,11.58,Tidak Ramai
21-05-2024 19:36:00,10,2,8,21.1575,Tidak Ramai
21-05-2024 19:36:02,9,1,5,11.862499999999999,Tidak Ramai
21-05-2024 19:36:06,8,0,4,10.295,Tidak Ramai
21-05-2024 19:36:07,13,1,7,15.162500000000001,Tidak Ramai
21-05-2024 19:36:11,9,1,5,12.3075,Tidak Ramai
21-05-2024 19:36:12,15,1,8,16.6575,Tidak Ramai
21-05-2024 19:36:16,12,1,5,12.607500000000002,Tidak Ramai
21-05-2024 19:36:17,14,2,5,18.1375,Tidak Ramai
21-05-2024 19:36:22,12,1,5,12.3075,Tidak Ramai
21-05-2024 19:36:22,15,3,5,19.5475,Tidak Ramai
21-05-2024 19:36:27,12,2,6,12.32,Tidak Ramai
21-05-2024 19:36:28,12,4,6,21.985,Tidak Ramai
21-05-2024 19:36:33,9,5,10,18.162,Tidak Ramai
21-05-2024 19:36:33,11,4,5,24.475,Tidak Ramai
21-05-2024 19:36:38,8,5,14,21.715,Tidak Ramai
21-05-2024 19:36:39,11,6,8,22.46,Tidak Ramai
21-05-2024 19:36:43,7,5,18,23.735,Tidak Ramai
21-05-2024 19:36:44,12,9,10,22.986666666666665,Tidak Ramai
21-05-2024 19:36:48,7,5,20,26.216666666666665,Tidak Ramai
21-05-2024 19:36:50,9,8,10,16.1625,Tidak Ramai
21-05-2024 19:36:54,7,6,16,25.367500000000003,Tidak Ramai
21-05-2024 19:36:55,10,8,12,24.49333333333333,Tidak Ramai
21-05-2024 19:37:00,10,5,17,24.146666666666665,Tidak Ramai
21-05-2024 19:37:01,7,5,10,19.1125,Tidak Ramai
21-05-2024 19:37:05,9,2,15,25.71666666666667,Tidak Ramai
21-05-2024 19:37:06,10,3,12,24.96666666666667,Tidak Ramai
21-05-2024 19:37:10,12,1,7,18.4975,Tidak Ramai
21-05-2024 19:37:11,12,3,14,23.5225,Tidak Ramai
21-05-2024 19:37:16,11,1,3,15.870000000000001,Tidak Ramai
21-05-2024 19:37:16,12,3,12,16.61,Tidak Ramai
21-05-2024 19:37:21,9,1,5,16.575,Tidak Ramai
21-05-2024 19:37:22,12,0,6,20.49,Tidak Ramai
21-05-2024 19:37:27,9,0,4,15.700000000000001,Tidak Ramai
21-05-2024 19:37:27,12,0,4,20.813333333333333,Tidak Ramai
21-05-2024 19:37:32,9,1,5,15.31,Tidak Ramai
21-05-2024 19:37:32,15,2,5,22.853333333333335,Tidak Ramai
21-05-2024 19:37:38,10,1,5,15.122499999999999,Tidak Ramai
21-05-2024 19:37:38,13,1,6,22.1375,Tidak Ramai
21-05-2024 19:37:43,13,1,5,15.626666666666667,Tidak Ramai
21-05-2024 19:37:45,13,2,7,22.9025,Tidak Ramai
21-05-2024 19:37:49,13,0,5,14.943333333333333,Tidak Ramai
21-05-2024 19:37:50,13,2,9,23.666666666666668,Tidak Ramai
21-05-2024 19:37:54,14,1,3,14.223333333333334,Tidak Ramai
21-05-2024 19:37:56,15,1,9,24.63,Tidak Ramai
21-05-2024 19:37:59,9,1,4,13.495000000000001,Tidak Ramai
21-05-2024 19:38:01,11,1,8,20.88,Tidak Ramai
21-05-2024 19:38:04,13,1,6,15.68,Tidak Ramai
21-05-2024 19:38:07,12,1,5,23.314999999999998,Tidak Ramai
21-05-2024 19:38:09,12,1,7,16.32,Tidak Ramai
21-05-2024 19:38:12,11,0,6,23.543333333333333,Tidak Ramai
21-05-2024 19:38:15,10,1,5,17.0775,Tidak Ramai
21-05-2024 19:38:17,13,0,9,20.78,Tidak Ramai
21-05-2024 19:38:21,10,0,6,17.785,Tidak Ramai
21-05-2024 19:38:23,13,0,6,18.205000000000002,Tidak Ramai
21-05-2024 19:38:26,9,1,7,13.653333333333334,Tidak Ramai
21-05-2024 19:38:28,14,1,5,12.266666666666666,Tidak Ramai
21-05-2024 19:38:31,12,0,5,11.266666666666666,Tidak Ramai
21-05-2024 19:38:33,13,1,7,10.86,Tidak Ramai
21-05-2024 19:38:37,11,0,5,11.8225,Tidak Ramai
21-05-2024 19:38:39,10,2,12,10.807500000000001,Tidak Ramai
21-05-2024 19:38:42,18,0,3,16.052500000000002,Tidak Ramai
21-05-2024 19:38:44,10,1,9,9.42,Tidak Ramai
21-05-2024 19:38:48,22,0,3,23.069999999999997,Tidak Ramai
21-05-2024 19:38:50,12,1,7,10.3825,Tidak Ramai
21-05-2024 19:38:53,18,0,4,17.9775,Tidak Ramai
21-05-2024 19:38:55,15,0,7,16.69666666666667,Tidak Ramai
21-05-2024 19:38:59,17,0,5,15.3625,Tidak Ramai
21-05-2024 19:39:01,18,0,9,16.2025,Tidak Ramai
21-05-2024 19:39:04,19,1,6,15.605,Tidak Ramai
21-05-2024 19:39:06,18,1,7,15.4575,Tidak Ramai
21-05-2024 19:39:09,23,1,7,16.44666666666667,Tidak Ramai
21-05-2024 19:39:11,16,1,6,17.283333333333335,Tidak Ramai
21-05-2024 19:39:15,22,1,6,16.06,Tidak Ramai
21-05-2024 19:39:17,14,0,8,15.693333333333333,Tidak Ramai
21-05-2024 19:39:20,21,1,8,17.52,Tidak Ramai
21-05-2024 19:39:22,14,0,7,16.0675,Tidak Ramai
21-05-2024 19:39:25,19,2,9,20.2125,Tidak Ramai
21-05-2024 19:39:28,14,1,9,17.79,Tidak Ramai
21-05-2024 19:39:30,19,2,12,22.44,Tidak Ramai
21-05-2024 19:39:33,18,2,10,22.1,Tidak Ramai
21-05-2024 19:39:36,18,3,11,23.376666666666665,Tidak Ramai
21-05-2024 19:39:39,19,2,10,22.153333333333332,Tidak Ramai
21-05-2024 19:39:41,19,3,10,24.152500000000003,Tidak Ramai
21-05-2024 19:39:44,17,1,10,20.5,Tidak Ramai
21-05-2024 19:39:46,20,3,11,25.773333333333337,Tidak Ramai
21-05-2024 19:39:50,15,2,8,20.8675,Tidak Ramai
21-05-2024 19:39:52,21,4,11,27.104000000000003,Tidak Ramai
21-05-2024 19:39:55,13,2,6,19.98,Tidak Ramai
21-05-2024 19:39:57,16,3,7,17.88,Tidak Ramai
21-05-2024 19:40:00,14,2,6,20.5,Tidak Ramai
21-05-2024 19:40:03,17,1,9,14.063333333333333,Tidak Ramai
21-05-2024 19:40:05,15,1,6,19.065,Tidak Ramai
21-05-2024 19:40:08,15,2,7,14.5275,Tidak Ramai
21-05-2024 19:40:11,14,2,9,10.86,Tidak Ramai
21-05-2024 19:40:13,11,2,7,15.1625,Tidak Ramai
21-05-2024 19:40:17,13,2,7,9.173333333333334,Tidak Ramai
21-05-2024 19:40:19,12,2,7,17.37333333333333,Tidak Ramai
21-05-2024 19:40:22,10,1,9,9.603333333333333,Tidak Ramai
21-05-2024 19:40:24,13,2,7,18.66,Tidak Ramai
21-05-2024 19:40:27,10,1,5,8.3125,Tidak Ramai
21-05-2024 19:40:30,12,2,7,20.955,Tidak Ramai
21-05-2024 19:40:32,11,1,5,8.0825,Tidak Ramai
21-05-2024 19:40:35,15,1,8,21.58,Tidak Ramai
21-05-2024 19:40:38,11,1,4,10.5825,Tidak Ramai
21-05-2024 19:40:40,22,5,8,17.3575,Tidak Ramai
21-05-2024 19:40:43,9,1,5,10.82,Tidak Ramai
21-05-2024 19:40:46,15,4,8,17.2425,Tidak Ramai
21-05-2024 19:40:49,14,0,4,16.945,Tidak Ramai
21-05-2024 19:40:51,17,4,7,16.645,Tidak Ramai
21-05-2024 19:40:54,15,0,2,17.843333333333337,Tidak Ramai
21-05-2024 19:40:57,18,1,6,15.410000000000002,Tidak Ramai
21-05-2024 19:40:59,15,0,4,18.6025,Tidak Ramai
21-05-2024 19:41:02,16,2,9,15.603333333333333,Tidak Ramai
21-05-2024 19:41:04,15,0,3,16.166666666666668,Tidak Ramai
21-05-2024 19:41:07,19,3,8,15.985000000000001,Tidak Ramai
21-05-2024 19:41:09,16,0,3,15.896666666666667,Tidak Ramai
21-05-2024 19:41:13,15,3,8,17.573333333333334,Tidak Ramai
21-05-2024 19:41:15,14,0,5,14.36,Tidak Ramai
21-05-2024 19:41:18,18,3,5,15.53,Tidak Ramai
21-05-2024 19:41:21,12,0,5,14.153333333333334,Tidak Ramai
21-05-2024 19:41:24,18,1,5,14.882499999999999,Tidak Ramai
21-05-2024 19:41:26,14,0,4,14.9375,Tidak Ramai
21-05-2024 19:41:29,16,1,10,18.947499999999998,Tidak Ramai
21-05-2024 19:41:31,16,0,2,13.783333333333333,Tidak Ramai
21-05-2024 19:41:35,16,1,10,19.51,Tidak Ramai
21-05-2024 19:41:36,15,0,3,13.296666666666667,Tidak Ramai
21-05-2024 19:41:40,14,1,8,19.5925,Tidak Ramai
21-05-2024 19:41:42,13,0,2,13.247499999999999,Tidak Ramai
21-05-2024 19:41:46,16,1,6,19.476666666666667,Tidak Ramai
21-05-2024 19:41:47,11,0,3,13.163333333333334,Tidak Ramai
21-05-2024 19:41:51,13,1,7,18.12,Tidak Ramai
21-05-2024 19:41:53,11,0,3,13.49,Tidak Ramai
21-05-2024 19:41:56,13,0,10,10.983333333333334,Tidak Ramai
21-05-2024 19:41:58,9,0,1,14.219999999999999,Tidak Ramai
21-05-2024 19:42:01,12,2,8,13.76,Tidak Ramai
21-05-2024 19:42:03,8,0,2,15.790000000000001,Tidak Ramai
21-05-2024 19:42:07,11,2,8,14.649999999999999,Tidak Ramai
21-05-2024 19:42:08,12,3,9,12.396666666666667,Tidak Ramai
21-05-2024 19:42:13,13,2,9,16.65666666666667,Tidak Ramai
21-05-2024 19:42:14,13,4,11,11.68,Tidak Ramai
21-05-2024 19:42:18,12,2,8,19.29,Tidak Ramai
21-05-2024 19:42:19,9,4,12,13.01,Tidak Ramai
21-05-2024 19:42:23,12,2,6,17.384999999999998,Tidak Ramai
21-05-2024 19:42:24,8,4,11,13.505,Tidak Ramai
21-05-2024 19:42:29,12,4,6,11.963333333333333,Tidak Ramai
21-05-2024 19:42:29,8,3,9,12.88,Tidak Ramai
21-05-2024 19:42:34,12,2,7,8.302499999999998,Tidak Ramai
21-05-2024 19:42:35,10,2,10,13.5325,Tidak Ramai
21-05-2024 19:42:40,13,2,8,23.77,Tidak Ramai
21-05-2024 19:42:41,10,2,10,13.1525,Tidak Ramai
21-05-2024 19:42:45,15,2,8,24.11,Tidak Ramai
21-05-2024 19:42:46,13,3,8,14.073333333333332,Tidak Ramai
21-05-2024 19:42:50,11,2,7,21.353333333333335,Tidak Ramai
21-05-2024 19:42:51,12,4,7,16.1925,Tidak Ramai
21-05-2024 19:42:56,10,1,7,16.689999999999998,Tidak Ramai
21-05-2024 19:42:57,13,4,7,18.930000000000003,Tidak Ramai
21-05-2024 19:43:01,13,3,6,18.636666666666667,Tidak Ramai
21-05-2024 19:43:02,16,4,9,19.73,Tidak Ramai
21-05-2024 19:43:06,13,3,8,21.61,Tidak Ramai
21-05-2024 19:43:08,17,4,9,18.88,Tidak Ramai
21-05-2024 19:43:13,13,3,9,22.973333333333333,Tidak Ramai
21-05-2024 19:43:13,15,4,5,17.89,Tidak Ramai
21-05-2024 19:43:18,16,1,11,24.76666666666667,Tidak Ramai
21-05-2024 19:43:18,17,3,6,14.776666666666666,Tidak Ramai
21-05-2024 19:43:24,24,2,6,27.25,Tidak Ramai
21-05-2024 19:43:24,13,3,5,7.7799999999999985,Tidak Ramai
21-05-2024 19:43:29,22,3,5,27.83666666666667,Tidak Ramai
21-05-2024 19:43:29,13,1,8,15.043333333333331,Tidak Ramai
21-05-2024 19:43:34,26,4,5,28.415000000000003,Tidak Ramai
21-05-2024 19:43:35,12,2,11,20.8125,Tidak Ramai
21-05-2024 19:43:40,27,4,7,30.683333333333334,Ramai
21-05-2024 19:43:40,12,2,9,20.203333333333333,Tidak Ramai
21-05-2024 19:43:45,25,2,8,28.02,Tidak Ramai
21-05-2024 19:43:45,11,1,9,21.515,Tidak Ramai
21-05-2024 19:43:50,18,1,4,26.61,Tidak Ramai
21-05-2024 19:43:51,12,0,10,22.156666666666666,Tidak Ramai
21-05-2024 19:43:56,22,1,6,24.65,Tidak Ramai
21-05-2024 19:43:56,12,0,10,22.645,Tidak Ramai
21-05-2024 19:44:01,9,0,4,6.567500000000001,Tidak Ramai
21-05-2024 19:44:01,12,1,7,19.793333333333333,Tidak Ramai
21-05-2024 19:44:07,10,1,4,6.6975,Tidak Ramai
21-05-2024 19:44:07,13,2,6,15.83,Tidak Ramai
21-05-2024 19:44:13,11,4,6,12.594999999999999,Tidak Ramai
21-05-2024 19:44:13,15,1,4,8.4175,Tidak Ramai
21-05-2024 19:44:18,8,3,7,12.78,Tidak Ramai
21-05-2024 19:44:19,14,1,3,8.575,Tidak Ramai
21-05-2024 19:44:24,11,3,8,14.513333333333334,Tidak Ramai
21-05-2024 19:44:24,12,1,4,9.4625,Tidak Ramai
21-05-2024 19:44:29,16,1,9,14.7325,Tidak Ramai
21-05-2024 19:44:29,13,1,5,10.770000000000001,Tidak Ramai
21-05-2024 19:44:34,13,1,9,14.536666666666667,Tidak Ramai
21-05-2024 19:44:35,13,0,5,11.18,Tidak Ramai
21-05-2024 19:44:40,13,0,11,16.32,Tidak Ramai
21-05-2024 19:44:41,12,0,3,11.219999999999999,Tidak Ramai
21-05-2024 19:44:46,13,0,7,14.0725,Tidak Ramai
21-05-2024 19:44:46,14,1,6,11.5825,Tidak Ramai
21-05-2024 19:44:51,11,2,5,13.700000000000001,Tidak Ramai
21-05-2024 19:44:51,12,1,4,10.229999999999999,Tidak Ramai
21-05-2024 19:44:57,10,3,5,10.874,Tidak Ramai
21-05-2024 19:44:57,13,1,4,10.8175,Tidak Ramai
21-05-2024 19:45:02,11,5,5,13.403333333333334,Tidak Ramai
21-05-2024 19:45:03,13,1,4,11.795000000000002,Tidak Ramai
21-05-2024 19:45:08,12,3,6,16.1425,Tidak Ramai
21-05-2024 19:45:08,14,1,6,11.695,Tidak Ramai
21-05-2024 19:45:13,10,5,8,16.759999999999998,Tidak Ramai
21-05-2024 19:45:14,15,1,5,10.135,Tidak Ramai
21-05-2024 19:45:19,12,1,3,8.886666666666667,Tidak Ramai
21-05-2024 19:45:19,9,5,10,15.684999999999999,Tidak Ramai
21-05-2024 19:45:25,10,0,1,8.466666666666667,Tidak Ramai
21-05-2024 19:45:25,10,4,12,15.933333333333332,Tidak Ramai
21-05-2024 19:45:30,9,1,4,11.272499999999999,Tidak Ramai
21-05-2024 19:45:30,10,0,1,7.7825,Tidak Ramai
21-05-2024 19:45:35,10,0,1,10.133333333333333,Tidak Ramai
21-05-2024 19:45:36,10,0,1,8.69,Tidak Ramai
21-05-2024 19:45:40,8,0,0,10.52,Tidak Ramai
21-05-2024 19:45:41,8,0,0,8.993333333333332,Tidak Ramai
21-05-2024 19:45:46,9,0,0,9.596666666666666,Tidak Ramai
21-05-2024 19:45:46,8,0,0,11.236666666666666,Tidak Ramai
21-05-2024 19:45:51,9,0,0,13.34,Tidak Ramai
21-05-2024 19:45:51,7,0,0,8.74,Tidak Ramai
21-05-2024 19:45:56,6,0,0,8.785,Tidak Ramai
21-05-2024 19:45:57,11,0,0,14.924999999999999,Tidak Ramai
21-05-2024 19:46:01,10,2,6,13.243333333333334,Tidak Ramai
21-05-2024 19:46:02,11,0,0,14.463333333333333,Tidak Ramai
21-05-2024 19:46:07,15,6,16,22.465,Tidak Ramai
21-05-2024 19:46:08,11,2,5,14.66,Tidak Ramai
21-05-2024 19:46:12,18,5,15,24.950000000000003,Tidak Ramai
21-05-2024 19:46:13,15,4,11,19.515,Tidak Ramai
21-05-2024 19:46:18,20,2,16,23.976666666666663,Tidak Ramai
21-05-2024 19:46:19,17,3,10,19.123333333333335,Tidak Ramai
21-05-2024 19:46:23,18,4,14,22.05333333333333,Tidak Ramai
21-05-2024 19:46:24,14,2,9,16.740000000000002,Tidak Ramai
21-05-2024 19:46:28,17,4,12,16.7875,Tidak Ramai
21-05-2024 19:46:30,15,2,7,15.9925,Tidak Ramai
21-05-2024 19:46:34,16,3,11,12.670000000000002,Tidak Ramai
21-05-2024 19:46:35,15,1,6,16.026666666666667,Tidak Ramai
21-05-2024 19:46:39,14,1,12,11.825,Tidak Ramai
21-05-2024 19:46:40,15,2,6,17.0325,Tidak Ramai
21-05-2024 19:46:45,14,1,7,16.3275,Tidak Ramai
21-05-2024 19:46:46,13,2,7,15.88,Tidak Ramai
21-05-2024 19:46:50,17,0,7,17.505000000000003,Tidak Ramai
21-05-2024 19:46:51,13,2,6,12.577499999999999,Tidak Ramai
21-05-2024 19:46:55,17,1,6,14.243333333333332,Tidak Ramai
21-05-2024 19:46:56,16,2,4,12.5,Tidak Ramai
21-05-2024 19:47:01,18,0,6,10.9275,Tidak Ramai
21-05-2024 19:47:02,19,1,4,13.2325,Tidak Ramai
21-05-2024 19:47:06,18,1,6,13.3925,Tidak Ramai
21-05-2024 19:47:07,19,1,1,13.73,Tidak Ramai
21-05-2024 19:47:11,17,2,6,13.120000000000001,Tidak Ramai
21-05-2024 19:47:12,18,1,2,15.15,Tidak Ramai
21-05-2024 19:47:16,15,2,8,21.22,Tidak Ramai
21-05-2024 19:47:18,16,0,3,15.656666666666666,Tidak Ramai
21-05-2024 19:47:21,15,2,9,22.825000000000003,Tidak Ramai
21-05-2024 19:47:23,15,0,7,14.765,Tidak Ramai
21-05-2024 19:47:27,14,1,9,23.535000000000004,Tidak Ramai
21-05-2024 19:47:28,14,1,8,13.58,Tidak Ramai
21-05-2024 19:47:32,14,1,11,21.7,Tidak Ramai
21-05-2024 19:47:33,20,0,10,12.809999999999999,Tidak Ramai
21-05-2024 19:47:37,13,1,12,17.13,Tidak Ramai
21-05-2024 19:47:39,15,0,11,11.191999999999998,Tidak Ramai
21-05-2024 19:47:43,13,0,9,16.925,Tidak Ramai
21-05-2024 19:47:44,13,1,8,10.270000000000001,Tidak Ramai
21-05-2024 19:47:48,10,3,7,15.4175,Tidak Ramai
21-05-2024 19:47:49,16,1,9,13.525,Tidak Ramai
21-05-2024 19:47:54,10,1,6,13.4025,Tidak Ramai
21-05-2024 19:47:55,15,3,7,12.567499999999999,Tidak Ramai
21-05-2024 19:47:59,15,0,5,12.9375,Tidak Ramai
21-05-2024 19:48:00,14,4,7,20.08666666666667,Tidak Ramai
21-05-2024 19:48:05,15,1,7,13.525,Tidak Ramai
21-05-2024 19:48:05,12,5,8,22.5875,Tidak Ramai
21-05-2024 19:48:10,13,2,6,13.43,Tidak Ramai
21-05-2024 19:48:11,15,4,8,22.482499999999998,Tidak Ramai
21-05-2024 19:48:15,15,2,6,13.435,Tidak Ramai
21-05-2024 19:48:16,12,3,7,21.490000000000002,Tidak Ramai
21-05-2024 19:48:20,12,1,6,13.4475,Tidak Ramai
21-05-2024 19:48:21,10,2,8,15.565,Tidak Ramai
21-05-2024 19:48:25,11,2,7,13.4925,Tidak Ramai
21-05-2024 19:48:26,9,3,8,13.4075,Tidak Ramai
21-05-2024 19:48:30,10,2,10,7.8925,Tidak Ramai
21-05-2024 19:48:31,12,3,8,9.735,Tidak Ramai
21-05-2024 19:48:35,8,3,9,4.535,Tidak Ramai
21-05-2024 19:48:38,12,3,6,6.772,Tidak Ramai
21-05-2024 19:48:41,10,3,9,5.05,Tidak Ramai
21-05-2024 19:48:43,14,2,6,7.532500000000001,Tidak Ramai
21-05-2024 19:48:46,10,3,12,5.43,Tidak Ramai
21-05-2024 19:48:48,15,2,7,8.7775,Tidak Ramai
21-05-2024 19:48:52,9,3,9,5.2524999999999995,Tidak Ramai
21-05-2024 19:48:53,16,3,6,10.77,Tidak Ramai
21-05-2024 19:48:57,10,4,9,6.1475,Tidak Ramai
21-05-2024 19:48:59,15,3,6,12.510000000000002,Tidak Ramai
21-05-2024 19:49:02,12,2,5,7.5025,Tidak Ramai
21-05-2024 19:49:04,15,2,5,12.9225,Tidak Ramai
21-05-2024 19:49:08,9,0,2,11.895,Tidak Ramai
21-05-2024 19:49:10,15,0,5,12.724999999999998,Tidak Ramai
21-05-2024 19:49:13,9,0,2,12.06,Tidak Ramai
21-05-2024 19:49:15,13,0,4,12.006666666666668,Tidak Ramai
21-05-2024 19:49:18,10,0,3,10.2425,Tidak Ramai
21-05-2024 19:49:20,13,0,4,14.092500000000001,Tidak Ramai
21-05-2024 19:49:23,11,0,4,11.196666666666667,Tidak Ramai
21-05-2024 19:49:25,14,1,4,16.825,Tidak Ramai
21-05-2024 19:49:29,11,1,5,11.280000000000001,Tidak Ramai
21-05-2024 19:49:31,10,1,5,13.774999999999999,Tidak Ramai
21-05-2024 19:49:35,12,1,5,14.51,Tidak Ramai
21-05-2024 19:49:37,9,2,6,15.9425,Tidak Ramai
21-05-2024 19:49:40,13,1,4,13.49,Tidak Ramai
21-05-2024 19:49:42,7,2,6,11.017499999999998,Tidak Ramai
21-05-2024 19:49:46,13,2,6,11.8075,Tidak Ramai
21-05-2024 19:49:48,11,5,9,15.79,Tidak Ramai
21-05-2024 19:49:51,14,3,6,12.336666666666666,Tidak Ramai
21-05-2024 19:49:53,9,4,8,15.43,Tidak Ramai
21-05-2024 19:49:57,11,3,5,12.6175,Tidak Ramai
21-05-2024 19:49:58,8,3,8,13.692499999999999,Tidak Ramai
21-05-2024 19:50:02,10,3,4,13.124999999999998,Tidak Ramai
21-05-2024 19:50:04,9,1,10,12.412500000000001,Tidak Ramai
21-05-2024 19:50:07,13,4,5,13.256666666666666,Tidak Ramai
21-05-2024 19:50:10,11,1,12,11.954999999999998,Tidak Ramai
21-05-2024 19:50:13,11,4,7,13.842500000000001,Tidak Ramai
21-05-2024 19:50:15,9,2,11,11.0025,Tidak Ramai
21-05-2024 19:50:18,10,3,10,15.524999999999999,Tidak Ramai
21-05-2024 19:50:20,9,1,10,11.896666666666667,Tidak Ramai
21-05-2024 19:50:23,13,2,5,20.169999999999998,Tidak Ramai
21-05-2024 19:50:26,11,0,8,9.4725,Tidak Ramai
21-05-2024 19:50:28,12,2,7,22.75,Tidak Ramai
21-05-2024 19:50:32,11,0,7,9.1275,Tidak Ramai
21-05-2024 19:50:34,14,2,5,24.299999999999997,Tidak Ramai
21-05-2024 19:50:38,12,0,6,8.835,Tidak Ramai
21-05-2024 19:50:40,15,3,5,20.630000000000003,Tidak Ramai
21-05-2024 19:50:43,13,0,5,9.693333333333333,Tidak Ramai
21-05-2024 19:50:45,15,3,4,25.05333333333333,Tidak Ramai
21-05-2024 19:50:49,11,0,6,10.4275,Tidak Ramai
21-05-2024 19:50:50,15,2,5,22.245,Tidak Ramai
21-05-2024 19:50:54,15,1,6,11.346666666666666,Tidak Ramai
21-05-2024 19:50:56,14,1,5,12.342500000000001,Tidak Ramai
21-05-2024 19:51:00,15,0,5,11.195,Tidak Ramai
21-05-2024 19:51:01,11,2,5,10.46,Tidak Ramai
21-05-2024 19:51:06,13,3,7,16.3925,Tidak Ramai
21-05-2024 19:51:07,9,3,4,13.112499999999999,Tidak Ramai
21-05-2024 19:51:11,10,3,6,14.6925,Tidak Ramai
21-05-2024 19:51:12,8,3,4,14.947500000000002,Tidak Ramai
21-05-2024 19:51:17,11,2,6,11.863333333333332,Tidak Ramai
21-05-2024 19:51:18,12,3,5,17.50666666666667,Tidak Ramai
21-05-2024 19:51:22,10,1,7,13.945,Tidak Ramai
21-05-2024 19:51:23,13,3,5,23.035,Tidak Ramai
21-05-2024 19:51:27,9,1,6,11.235,Tidak Ramai
21-05-2024 19:51:29,15,3,4,25.253333333333334,Tidak Ramai
21-05-2024 19:51:33,10,2,4,10.213333333333335,Tidak Ramai
21-05-2024 19:51:35,11,2,5,22.198,Tidak Ramai
21-05-2024 19:51:38,9,1,2,8.895,Tidak Ramai
21-05-2024 19:51:40,11,3,5,22.466666666666665,Tidak Ramai
21-05-2024 19:51:44,8,1,2,6.986666666666667,Tidak Ramai
21-05-2024 19:51:45,13,2,7,19.0725,Tidak Ramai
21-05-2024 19:51:49,16,1,6,13.702499999999999,Tidak Ramai
21-05-2024 19:51:51,19,1,6,16.412499999999998,Tidak Ramai
21-05-2024 19:51:54,19,1,5,16.0975,Tidak Ramai
21-05-2024 19:51:56,16,2,4,17.3325,Tidak Ramai
21-05-2024 19:52:00,14,2,4,18.282,Tidak Ramai
21-05-2024 19:52:02,12,2,5,15.440000000000001,Tidak Ramai
21-05-2024 19:52:06,11,2,6,11.9375,Tidak Ramai
21-05-2024 19:52:08,12,3,8,8.174999999999999,Tidak Ramai
21-05-2024 19:52:11,12,3,8,8.31,Tidak Ramai
21-05-2024 19:52:13,11,1,8,8.413333333333332,Tidak Ramai
21-05-2024 19:52:17,10,1,8,8.594,Tidak Ramai
21-05-2024 19:52:18,11,2,7,10.892500000000002,Tidak Ramai
21-05-2024 19:52:23,12,2,5,9.84,Tidak Ramai
21-05-2024 19:52:24,14,0,3,16.23,Tidak Ramai
21-05-2024 19:52:28,14,1,4,10.34,Tidak Ramai
21-05-2024 19:52:30,17,0,2,10.290000000000001,Tidak Ramai
21-05-2024 19:52:33,11,1,3,10.709999999999999,Tidak Ramai
21-05-2024 19:52:36,12,0,3,11.36,Tidak Ramai
21-05-2024 19:52:39,11,1,3,11.063333333333333,Tidak Ramai
21-05-2024 19:52:42,13,0,4,8.376666666666667,Tidak Ramai
21-05-2024 19:52:44,15,0,4,11.8475,Tidak Ramai
21-05-2024 19:52:47,12,0,2,8.61,Tidak Ramai
21-05-2024 19:52:50,13,0,5,12.334999999999999,Tidak Ramai
21-05-2024 19:52:52,13,0,4,9.035,Tidak Ramai
21-05-2024 19:52:56,16,0,5,12.1325,Tidak Ramai
21-05-2024 19:52:57,13,1,4,14.586666666666668,Tidak Ramai
21-05-2024 19:53:01,16,1,5,11.24,Tidak Ramai
21-05-2024 19:53:02,13,3,7,25.707500000000003,Tidak Ramai
21-05-2024 19:53:06,10,0,2,9.700000000000001,Tidak Ramai
21-05-2024 19:53:07,12,3,5,25.154999999999998,Tidak Ramai
21-05-2024 19:53:11,11,1,2,11.087499999999999,Tidak Ramai
21-05-2024 19:53:13,13,2,4,22.3725,Tidak Ramai
21-05-2024 19:53:17,11,1,3,12.0825,Tidak Ramai
21-05-2024 19:53:18,14,1,3,14.305,Tidak Ramai
21-05-2024 19:53:22,12,2,3,12.7775,Tidak Ramai
21-05-2024 19:53:24,12,0,3,12.1775,Tidak Ramai
21-05-2024 19:53:27,14,2,5,12.379999999999999,Tidak Ramai
21-05-2024 19:53:29,12,0,3,9.92,Tidak Ramai
21-05-2024 19:53:32,12,2,4,15.107500000000002,Tidak Ramai
21-05-2024 19:53:35,14,1,4,13.149999999999999,Tidak Ramai
21-05-2024 19:53:38,15,0,9,10.53,Tidak Ramai
21-05-2024 19:53:41,9,1,5,9.446666666666667,Tidak Ramai
21-05-2024 19:53:44,12,0,7,7.546666666666667,Tidak Ramai
21-05-2024 19:53:46,7,1,4,7.705,Tidak Ramai
21-05-2024 19:53:49,12,0,8,6.742500000000001,Tidak Ramai
21-05-2024 19:53:51,7,1,2,7.510000000000001,Tidak Ramai
21-05-2024 19:53:54,12,0,9,6.343333333333334,Tidak Ramai
21-05-2024 19:53:56,6,1,3,8.22,Tidak Ramai
21-05-2024 19:54:00,13,0,9,17.375,Tidak Ramai
21-05-2024 19:54:02,7,1,5,8.783333333333333,Tidak Ramai
21-05-2024 19:54:06,10,1,8,26.61,Tidak Ramai
21-05-2024 19:54:08,11,0,7,9.9725,Tidak Ramai
21-05-2024 19:54:11,9,1,6,27.1575,Tidak Ramai
21-05-2024 19:54:13,10,0,3,12.815,Tidak Ramai
21-05-2024 19:54:16,8,0,1,14.020000000000001,Tidak Ramai
21-05-2024 19:54:18,7,0,3,13.396666666666667,Tidak Ramai
21-05-2024 19:54:22,10,0,1,16.275,Tidak Ramai
21-05-2024 19:54:24,7,0,2,15.927499999999998,Tidak Ramai
21-05-2024 19:54:27,10,0,1,16.536666666666665,Tidak Ramai
21-05-2024 19:54:29,6,0,2,17.116666666666667,Tidak Ramai
21-05-2024 19:54:33,10,0,2,16.913333333333334,Tidak Ramai
21-05-2024 19:54:34,8,0,2,17.455,Tidak Ramai
21-05-2024 19:54:38,7,1,2,10.7675,Tidak Ramai
21-05-2024 19:54:40,7,0,2,16.353333333333335,Tidak Ramai
21-05-2024 19:54:44,8,1,4,8.82,Tidak Ramai
21-05-2024 19:54:45,7,0,3,9.426666666666666,Tidak Ramai
21-05-2024 19:54:49,11,2,4,10.6975,Tidak Ramai
21-05-2024 19:54:50,9,0,0,11.95,Tidak Ramai
21-05-2024 19:54:54,9,2,5,11.676666666666668,Tidak Ramai
21-05-2024 19:54:56,16,5,10,30.666666666666668,Ramai
21-05-2024 19:54:59,9,2,8,17.5,Tidak Ramai
21-05-2024 19:55:01,17,4,10,25.6,Tidak Ramai
21-05-2024 19:55:04,9,2,7,18.8775,Tidak Ramai
21-05-2024 19:55:06,17,4,8,24.465000000000003,Tidak Ramai
21-05-2024 19:55:10,9,3,5,19.69,Tidak Ramai
22-05-2024 07:36:31,14,5,6,10.46,Tidak Ramai
22-05-2024 07:36:37,13,6,6,11.6,Tidak Ramai
22-05-2024 07:36:42,13,6,7,13.262500000000001,Tidak Ramai
22-05-2024 07:36:47,16,3,7,14.822500000000002,Tidak Ramai
22-05-2024 07:36:53,13,3,6,13.5,Tidak Ramai
22-05-2024 07:36:59,12,3,6,14.703333333333333,Tidak Ramai
22-05-2024 07:37:04,14,5,8,14.434999999999999,Tidak Ramai
22-05-2024 07:37:10,15,6,9,13.974,Tidak Ramai
22-05-2024 07:37:15,15,7,12,16.045,Tidak Ramai
22-05-2024 07:37:21,13,9,11,17.8575,Tidak Ramai
22-05-2024 07:37:27,12,7,13,18.2525,Tidak Ramai
22-05-2024 07:37:33,13,8,10,17.86,Tidak Ramai
22-05-2024 07:37:41,11,7,9,17.54,Tidak Ramai
22-05-2024 07:37:47,13,8,8,20.483333333333334,Tidak Ramai
22-05-2024 07:37:52,14,9,11,25.48,Tidak Ramai
22-05-2024 07:37:57,12,9,11,25.9875,Tidak Ramai
22-05-2024 07:38:03,14,7,10,24.49,Tidak Ramai
22-05-2024 07:38:08,12,10,11,19.54,Tidak Ramai
22-05-2024 07:38:13,14,9,12,14.202499999999999,Tidak Ramai
22-05-2024 07:38:19,11,12,11,22.425,Tidak Ramai
22-05-2024 07:38:24,12,12,9,20.685,Tidak Ramai
22-05-2024 07:38:30,12,12,9,22.445,Tidak Ramai
22-05-2024 07:38:36,13,12,10,23.5225,Tidak Ramai
22-05-2024 07:38:41,13,9,7,24.86,Tidak Ramai
22-05-2024 07:38:46,12,10,8,24.144999999999996,Tidak Ramai
22-05-2024 07:38:56,10,13,7,26.323333333333334,Tidak Ramai
22-05-2024 07:39:02,15,9,7,21.405,Tidak Ramai
22-05-2024 07:39:07,15,9,6,21.6875,Tidak Ramai
22-05-2024 07:39:12,15,9,7,23.936666666666667,Tidak Ramai
22-05-2024 07:39:18,16,9,7,23.5225,Tidak Ramai
22-05-2024 07:39:24,16,9,5,17.9825,Tidak Ramai
22-05-2024 07:39:30,15,10,6,20.986666666666668,Tidak Ramai
22-05-2024 07:47:01,12,13,10,22.435714285714287,tidak ramai
22-05-2024 07:47:11,10,11,10,20.554,tidak ramai
22-05-2024 07:47:21,10,10,10,20.956666666666667,tidak ramai
22-05-2024 07:47:32,10,9,9,21.598965517241375,tidak ramai
22-05-2024 07:48:00,10,9,9,21.96421052631579,tidak ramai
22-05-2024 07:48:11,10,9,9,22.00911111111111,tidak ramai
22-05-2024 07:48:22,10,8,9,21.7056,tidak ramai
22-05-2024 07:48:32,10,8,8,20.712586206896553,tidak ramai
22-05-2024 07:48:43,10,7,8,20.19651515151515,tidak ramai
22-05-2024 07:50:31,15,7,6,20.596666666666664,Tidak Ramai
22-05-2024 07:50:36,16,7,5,22.6025,Tidak Ramai
22-05-2024 07:50:41,16,7,8,23.956666666666667,Tidak Ramai
22-05-2024 07:50:44,14,9,13,17.13,Tidak Ramai
22-05-2024 07:50:46,16,9,9,25.1875,Tidak Ramai
22-05-2024 07:50:49,13,7,12,17.875,Tidak Ramai
22-05-2024 07:50:52,15,9,10,26.338,Tidak Ramai
22-05-2024 07:50:55,13,6,15,18.365,Tidak Ramai
22-05-2024 07:50:58,16,10,9,27.134999999999998,Tidak Ramai
22-05-2024 07:51:01,13,8,12,16.175,Tidak Ramai
22-05-2024 07:51:03,19,12,8,23.005,Tidak Ramai
22-05-2024 07:51:07,14,9,11,14.0975,Tidak Ramai
22-05-2024 07:51:08,19,14,10,21.2575,Tidak Ramai
22-05-2024 07:51:12,15,8,9,15.120000000000001,Tidak Ramai
22-05-2024 07:51:14,17,16,9,20.2975,Tidak Ramai
22-05-2024 07:51:17,13,10,10,17.0225,Tidak Ramai
22-05-2024 07:51:20,16,16,12,21.3875,Tidak Ramai
22-05-2024 07:51:23,14,9,10,18.887500000000003,Tidak Ramai
22-05-2024 07:51:25,15,19,10,23.2025,Tidak Ramai
22-05-2024 07:51:28,13,11,10,21.689999999999998,Tidak Ramai
22-05-2024 07:51:31,15,20,14,26.132500000000004,Tidak Ramai
22-05-2024 07:51:34,13,11,10,23.9325,Tidak Ramai
22-05-2024 07:51:37,15,19,11,27.812500000000004,Tidak Ramai
22-05-2024 07:51:40,16,11,10,25.302500000000002,Tidak Ramai
22-05-2024 07:51:43,14,19,13,30.285,Ramai
22-05-2024 07:51:46,18,12,11,26.3825,Tidak Ramai
22-05-2024 07:51:48,15,17,12,31.685000000000002,Ramai
22-05-2024 07:51:52,18,12,11,27.0275,Tidak Ramai
22-05-2024 07:51:54,17,15,11,31.849999999999998,Ramai
22-05-2024 07:51:57,17,14,14,25.735,Tidak Ramai
22-05-2024 07:51:59,18,13,8,30.3525,Ramai
22-05-2024 07:52:02,16,13,14,23.055,Tidak Ramai
22-05-2024 07:52:05,15,3,3,27.662499999999998,Tidak Ramai
22-05-2024 07:52:07,13,13,16,21.2725,Tidak Ramai
22-05-2024 07:52:10,16,3,4,28.485,Tidak Ramai
22-05-2024 07:52:12,14,10,12,18.85,Tidak Ramai
22-05-2024 07:52:15,16,3,6,28.925,Tidak Ramai
22-05-2024 07:52:18,14,11,12,26.307499999999997,Tidak Ramai
22-05-2024 07:52:21,16,4,5,28.31,Tidak Ramai
22-05-2024 07:52:24,16,11,13,34.8675,Ramai
22-05-2024 07:52:27,18,4,6,27.6125,Tidak Ramai
22-05-2024 07:52:29,18,13,13,33.050000000000004,Ramai
22-05-2024 07:52:32,18,3,6,22.646666666666665,Tidak Ramai
22-05-2024 07:52:34,16,11,11,30.55333333333333,Ramai
22-05-2024 07:52:37,18,3,5,23.453333333333333,Tidak Ramai
22-05-2024 07:52:39,13,10,8,25.36,Tidak Ramai
22-05-2024 07:52:43,19,11,7,27.4025,Tidak Ramai
22-05-2024 07:52:45,13,12,5,26.0625,Tidak Ramai
22-05-2024 07:52:48,17,10,6,29.16,Tidak Ramai
22-05-2024 07:52:51,13,15,6,28.495,Tidak Ramai
22-05-2024 07:52:53,17,9,8,22.945,Tidak Ramai
22-05-2024 07:52:56,16,16,9,30.9875,Ramai
22-05-2024 07:52:59,18,8,5,21.325,Tidak Ramai
22-05-2024 07:53:02,16,18,11,34.4075,Ramai
22-05-2024 07:53:05,20,7,8,22.585,Tidak Ramai
22-05-2024 07:53:08,18,17,10,34.9375,Ramai
22-05-2024 07:53:11,18,6,10,23.0375,Tidak Ramai
22-05-2024 07:53:13,16,15,7,34.495000000000005,Ramai
22-05-2024 07:53:16,17,6,10,23.0975,Tidak Ramai
22-05-2024 07:53:19,17,11,6,35.8975,Ramai
22-05-2024 07:53:22,16,10,9,22.28,Tidak Ramai
22-05-2024 07:53:24,19,11,6,38.5525,Ramai
22-05-2024 07:53:27,13,14,12,21.137999999999998,Tidak Ramai
22-05-2024 07:53:29,20,11,7,41.620000000000005,Ramai
22-05-2024 07:53:32,13,14,13,22.59,Tidak Ramai
22-05-2024 07:53:35,19,10,9,41.062,Ramai
22-05-2024 07:53:37,14,12,10,23.764999999999997,Tidak Ramai
22-05-2024 07:53:40,13,16,14,24.4875,Tidak Ramai
22-05-2024 07:53:43,12,14,13,26.85,Tidak Ramai
22-05-2024 07:53:45,14,14,11,22.2975,Tidak Ramai
22-05-2024 07:53:48,13,14,14,27.662499999999998,Tidak Ramai
22-05-2024 10:20:43,11,5,6,19.865000000000002,Tidak Ramai
22-05-2024 10:20:49,11,4,7,21.672,Tidak Ramai
22-05-2024 10:20:54,10,6,8,24.290000000000003,Tidak Ramai
22-05-2024 10:20:58,14,1,1,25.3,Tidak Ramai
22-05-2024 10:20:59,12,8,9,25.564999999999998,Tidak Ramai
22-05-2024 10:21:04,14,1,2,20.83,Tidak Ramai
22-05-2024 10:21:04,11,8,9,24.072499999999998,Tidak Ramai
22-05-2024 10:21:09,16,1,2,22.79,Tidak Ramai
22-05-2024 10:21:10,11,9,11,23.4625,Tidak Ramai
22-05-2024 10:21:14,14,1,2,25.01,Tidak Ramai
22-05-2024 10:21:15,12,9,11,22.583333333333332,Tidak Ramai
22-05-2024 10:21:20,17,1,5,24.822,Tidak Ramai
22-05-2024 10:21:20,13,7,14,25.151999999999997,Tidak Ramai
22-05-2024 10:21:25,17,3,5,23.8925,Tidak Ramai
22-05-2024 10:21:25,15,7,13,26.355,Tidak Ramai
22-05-2024 10:21:30,13,4,5,21.580000000000002,Tidak Ramai
22-05-2024 10:21:31,14,7,14,24.94,Tidak Ramai
22-05-2024 10:21:35,11,5,6,19.65,Tidak Ramai
22-05-2024 10:21:36,14,10,16,25.5225,Tidak Ramai
22-05-2024 10:21:41,9,5,5,21.312,Tidak Ramai
22-05-2024 10:21:41,13,10,16,24.2,Tidak Ramai
22-05-2024 10:21:46,10,5,5,21.130000000000003,Tidak Ramai
22-05-2024 10:21:47,12,12,11,20.83,Tidak Ramai
22-05-2024 10:21:51,13,5,7,20.528,Tidak Ramai
22-05-2024 10:21:52,12,2,1,13.482,Tidak Ramai
22-05-2024 10:21:56,13,5,6,17.58,Tidak Ramai
22-05-2024 10:21:57,12,2,2,16.085,Tidak Ramai
22-05-2024 10:22:02,11,5,7,14.180000000000001,Tidak Ramai
22-05-2024 10:22:03,11,2,2,15.958000000000002,Tidak Ramai
22-05-2024 10:22:07,14,4,8,15.0675,Tidak Ramai
22-05-2024 10:22:08,12,2,2,16.0825,Tidak Ramai
22-05-2024 10:22:12,13,5,8,17.718,Tidak Ramai
22-05-2024 10:22:13,12,2,3,16.486,Tidak Ramai
22-05-2024 10:22:17,13,4,6,20.849999999999998,Tidak Ramai
22-05-2024 10:22:18,12,2,3,16.459999999999997,Tidak Ramai
22-05-2024 10:22:23,12,6,7,23.061999999999998,Tidak Ramai
22-05-2024 10:22:23,14,5,6,18.8025,Tidak Ramai
22-05-2024 10:22:28,12,8,10,24.027499999999996,Tidak Ramai
22-05-2024 10:22:29,14,5,5,19.21,Tidak Ramai
22-05-2024 10:22:33,12,7,10,24.384999999999998,Tidak Ramai
22-05-2024 10:22:34,15,4,5,19.950000000000003,Tidak Ramai
22-05-2024 10:22:39,11,1,4,11.54,Tidak Ramai
22-05-2024 10:22:39,15,3,6,19.78,Tidak Ramai
22-05-2024 10:22:44,10,1,3,10.616,Tidak Ramai
22-05-2024 10:22:45,14,3,5,20.0925,Tidak Ramai
22-05-2024 10:22:49,9,1,4,9.4625,Tidak Ramai
22-05-2024 10:22:50,11,4,3,22.616,Tidak Ramai
22-05-2024 10:22:55,9,2,3,9.088,Tidak Ramai
22-05-2024 10:22:55,7,5,7,26.925,Tidak Ramai
22-05-2024 10:23:00,10,2,5,10.290000000000001,Tidak Ramai
22-05-2024 10:23:00,6,5,8,20.450000000000003,Tidak Ramai
22-05-2024 10:23:06,5,6,8,17.924999999999997,Tidak Ramai
22-05-2024 10:23:06,8,2,7,11.035,Tidak Ramai
22-05-2024 10:23:11,11,6,6,17.240000000000002,Tidak Ramai
22-05-2024 10:23:11,5,7,10,19.924,Tidak Ramai
22-05-2024 10:23:16,13,7,6,19.7975,Tidak Ramai
22-05-2024 10:23:16,5,9,9,21.0825,Tidak Ramai
22-05-2024 10:23:21,12,7,7,15.598000000000003,Tidak Ramai
22-05-2024 10:23:21,5,7,10,19.999999999999996,Tidak Ramai
22-05-2024 10:23:27,10,6,6,14.975,Tidak Ramai
22-05-2024 10:23:27,5,5,6,25.5625,Tidak Ramai
22-05-2024 10:23:32,10,6,7,15.68,Tidak Ramai
22-05-2024 10:23:32,5,5,5,26.8,Tidak Ramai
22-05-2024 10:23:37,5,4,6,24.465,Tidak Ramai
22-05-2024 10:23:37,11,4,6,14.768,Tidak Ramai
22-05-2024 10:23:42,4,5,7,20.395999999999997,Tidak Ramai
22-05-2024 10:23:43,8,7,8,17.375,Tidak Ramai
22-05-2024 10:23:48,4,5,7,11.4475,Tidak Ramai
22-05-2024 10:23:48,7,8,7,19.340000000000003,Tidak Ramai
22-05-2024 10:23:53,2,5,6,7.1025,Tidak Ramai
22-05-2024 10:23:53,7,10,6,20.935000000000002,Tidak Ramai
22-05-2024 10:23:58,3,5,6,7.54,Tidak Ramai
22-05-2024 10:23:58,8,9,8,21.54,Tidak Ramai
22-05-2024 10:24:04,10,5,7,9.585,Tidak Ramai
22-05-2024 10:24:04,7,8,9,20.79,Tidak Ramai
22-05-2024 10:24:09,10,5,6,10.09,Tidak Ramai
22-05-2024 10:24:09,8,8,10,16.9025,Tidak Ramai
24-05-2024 15:08:26,6,6,5,10.99,Tidak Ramai
24-05-2024 15:08:31,6,5,5,11.122499999999999,Tidak Ramai
24-05-2024 15:08:36,6,5,5,14.403333333333334,Tidak Ramai
24-05-2024 15:08:42,8,4,6,19.8125,Tidak Ramai
24-05-2024 15:08:45,6,7,11,4.3,Tidak Ramai
24-05-2024 15:08:47,7,4,8,19.96,Tidak Ramai
24-05-2024 15:08:51,6,6,9,4.673333333333333,Tidak Ramai
24-05-2024 15:08:53,8,5,7,19.057499999999997,Tidak Ramai
24-05-2024 15:08:57,6,6,9,4.7700000000000005,Tidak Ramai
24-05-2024 15:08:58,7,6,9,14.803333333333333,Tidak Ramai
24-05-2024 15:09:02,6,6,8,2.8166666666666664,Tidak Ramai
24-05-2024 15:09:03,7,5,9,14.096666666666666,Tidak Ramai
24-05-2024 15:09:07,4,6,8,2.715,Tidak Ramai
24-05-2024 15:09:09,7,5,8,13.1675,Tidak Ramai
24-05-2024 15:09:14,4,6,10,3.2133333333333334,Tidak Ramai
24-05-2024 15:09:16,7,6,10,14.836666666666666,Tidak Ramai
24-05-2024 15:09:19,4,7,10,3.425,Tidak Ramai
24-05-2024 15:09:23,7,6,10,13.37,Tidak Ramai
24-05-2024 15:09:26,4,7,10,3.69,Tidak Ramai
24-05-2024 15:09:29,7,6,8,11.799999999999999,Tidak Ramai
24-05-2024 15:09:31,4,6,11,3.926666666666667,Tidak Ramai
24-05-2024 15:09:34,7,6,7,11.454999999999998,Tidak Ramai
24-05-2024 15:09:37,4,6,12,4.28,Tidak Ramai
24-05-2024 15:09:40,7,7,7,11.434999999999999,Tidak Ramai
24-05-2024 15:09:43,4,6,10,4.4775,Tidak Ramai
24-05-2024 15:09:46,7,7,9,10.993333333333332,Tidak Ramai
24-05-2024 15:09:48,5,6,10,3.2433333333333336,Tidak Ramai
24-05-2024 15:09:51,7,6,7,8.26,Tidak Ramai
24-05-2024 15:09:54,6,6,10,3.1975,Tidak Ramai
24-05-2024 15:09:57,8,7,6,8.183333333333332,Tidak Ramai
24-05-2024 15:09:59,6,6,10,3.4299999999999997,Tidak Ramai
24-05-2024 15:10:02,8,6,6,7.72,Tidak Ramai
24-05-2024 15:10:04,6,7,9,3.915,Tidak Ramai
24-05-2024 15:10:07,7,4,7,7.713333333333334,Tidak Ramai
24-05-2024 15:10:10,6,7,12,4.535,Tidak Ramai
24-05-2024 15:10:12,9,3,4,7.343333333333334,Tidak Ramai
24-05-2024 15:10:16,6,7,10,4.8925,Tidak Ramai
24-05-2024 15:10:18,9,2,4,7.67,Tidak Ramai
24-05-2024 15:10:21,6,7,8,5.09,Tidak Ramai
24-05-2024 15:10:24,9,2,4,8.196666666666667,Tidak Ramai
24-05-2024 15:10:26,6,8,8,5.426666666666667,Tidak Ramai
24-05-2024 15:10:29,9,2,5,9.049999999999999,Tidak Ramai
24-05-2024 15:10:32,5,9,9,5.84,Tidak Ramai
24-05-2024 15:10:35,8,2,5,10.656666666666666,Tidak Ramai
24-05-2024 15:10:37,11,9,8,14.826666666666666,Tidak Ramai
24-05-2024 15:10:40,8,2,5,11.655000000000001,Tidak Ramai
26-05-2024 13:52:23,14,5,4,17.375,Tidak Ramai
26-05-2024 13:52:28,14,4,4,17.646666666666665,Tidak Ramai
26-05-2024 13:52:33,13,4,5,19.1325,Tidak Ramai
26-05-2024 13:52:39,12,3,2,17.313333333333333,Tidak Ramai
26-05-2024 13:52:39,20,5,5,23.35,Tidak Ramai
26-05-2024 13:52:44,13,2,2,17.41,Tidak Ramai
26-05-2024 13:52:45,17,2,6,22.707500000000003,Tidak Ramai
26-05-2024 13:52:50,13,3,3,17.7025,Tidak Ramai
26-05-2024 13:52:50,15,3,4,22.8725,Tidak Ramai
26-05-2024 13:52:55,9,3,3,17.995,Tidak Ramai
26-05-2024 13:52:55,13,4,3,22.2,Tidak Ramai
26-05-2024 13:53:00,12,3,3,18.3,Tidak Ramai
26-05-2024 13:53:00,16,4,4,22.99,Tidak Ramai
26-05-2024 13:53:05,11,3,3,18.2025,Tidak Ramai
26-05-2024 13:53:06,14,5,3,21.8975,Tidak Ramai
26-05-2024 13:53:12,15,4,4,22.0925,Tidak Ramai
26-05-2024 13:53:12,11,3,2,18.205000000000002,Tidak Ramai
26-05-2024 13:53:18,15,5,5,22.095,Tidak Ramai
26-05-2024 13:53:18,11,3,2,14.754999999999999,Tidak Ramai
26-05-2024 13:53:24,17,5,5,21.59,Tidak Ramai
26-05-2024 13:53:25,11,3,1,12.0475,Tidak Ramai
26-05-2024 13:53:30,18,5,5,22.083333333333332,Tidak Ramai
26-05-2024 13:53:31,11,3,1,11.62,Tidak Ramai
26-05-2024 13:53:35,18,5,5,22.24666666666667,Tidak Ramai
26-05-2024 13:53:38,13,3,1,11.9275,Tidak Ramai
26-05-2024 13:53:41,15,4,4,19.6875,Tidak Ramai
26-05-2024 13:53:44,11,3,2,13.052499999999998,Tidak Ramai
26-05-2024 13:53:46,17,3,6,20.476666666666667,Tidak Ramai
26-05-2024 13:53:50,9,3,2,13.056666666666667,Tidak Ramai
26-05-2024 13:53:52,16,3,6,21.427500000000002,Tidak Ramai
26-05-2024 13:53:55,10,3,2,13.709999999999999,Tidak Ramai
26-05-2024 13:53:57,17,4,5,21.033333333333335,Tidak Ramai
26-05-2024 13:54:01,11,4,2,14.307500000000001,Tidak Ramai
26-05-2024 13:54:03,16,4,4,21.1925,Tidak Ramai
26-05-2024 13:54:06,11,3,3,14.9875,Tidak Ramai
26-05-2024 13:54:08,17,5,4,21.542499999999997,Tidak Ramai
26-05-2024 13:54:11,13,4,3,15.575000000000001,Tidak Ramai
26-05-2024 13:54:14,16,4,3,20.892500000000002,Tidak Ramai
